
------------TIPOS DE PESSOA

INSERT INTO TB_TIPO_PESSOA(ID_TIPO_PESSOA, TIPO_PESSOA)
VALUES(1,'FUNCIONARIO');
INSERT INTO TB_TIPO_PESSOA(ID_TIPO_PESSOA, TIPO_PESSOA)
VALUES(2,'CLIENTE');
INSERT INTO TB_TIPO_PESSOA(ID_TIPO_PESSOA, TIPO_PESSOA)
VALUES(3,'ARTISTA');
INSERT INTO TB_TIPO_PESSOA(ID_TIPO_PESSOA, TIPO_PESSOA)
VALUES(4,'ARTISTA-FIXO');

------------FORMAS DE PAGAMENTO

INSERT INTO TB_FORMA_PAGAMENTO(ID_FORMA_PAGAMENTO, FORMA_PAGAMENTO)
VALUES(1,'DINHEIRO');
INSERT INTO TB_FORMA_PAGAMENTO(ID_FORMA_PAGAMENTO, FORMA_PAGAMENTO)
VALUES(2,'CARTAO DE CREDITO');
INSERT INTO TB_FORMA_PAGAMENTO(ID_FORMA_PAGAMENTO, FORMA_PAGAMENTO)
VALUES(3,'CARTAO DE DEBITO');
INSERT INTO TB_FORMA_PAGAMENTO(ID_FORMA_PAGAMENTO, FORMA_PAGAMENTO)
VALUES(4,'BOLETO');
INSERT INTO TB_FORMA_PAGAMENTO(ID_FORMA_PAGAMENTO, FORMA_PAGAMENTO)
VALUES(5,'CHEQUE');

-------------FUNÇÕES

INSERT INTO TB_FUNCAO(ID_FUNCAO, FUNCAO)
VALUES(1,'GERENTE');
INSERT INTO TB_FUNCAO(ID_FUNCAO, FUNCAO)
VALUES(2,'ATENDENTE');
INSERT INTO TB_FUNCAO(ID_FUNCAO, FUNCAO)
VALUES(3,'AUXILIAR DE LIMPEZA');
INSERT INTO TB_FUNCAO(ID_FUNCAO, FUNCAO)
VALUES(4,'SEGURANCA');

-------------NIVEIS DE ACESSO

INSERT INTO TB_NIVELACESSO(ID_NIVELACESSO, NIVELACESSO)
VALUES(1,'ADMINISTRADOR');
INSERT INTO TB_NIVELACESSO(ID_NIVELACESSO, NIVELACESSO)
VALUES(2,'FUNCIONARIO COMUM');

--------------TIPO DE ASSENTO

INSERT INTO TB_TIPO_ASSENTO (ID_TIPO_ASSENTO, TIPO_ASSENTO)
VALUES(1,'SIMPLES');
INSERT INTO TB_TIPO_ASSENTO (ID_TIPO_ASSENTO, TIPO_ASSENTO)
VALUES(2,'DUPLO');
INSERT INTO TB_TIPO_ASSENTO (ID_TIPO_ASSENTO, TIPO_ASSENTO)
VALUES(3,'ESPECIAL');

--------------SETOR

INSERT INTO TB_SETOR (ID_SETOR, SETOR)
VALUES(1,'OURO');
INSERT INTO TB_SETOR (ID_SETOR, SETOR)
VALUES(2,'PRATA');
INSERT INTO TB_SETOR (ID_SETOR, SETOR)
VALUES(3,'BRONZE');

------------PREÇOS

INSERT INTO TB_PRECOS(ID_SETOR, ID_TIPO_ASSENTO, PERC)
VALUES(1,1,80);
INSERT INTO TB_PRECOS(ID_SETOR, ID_TIPO_ASSENTO, PERC)
VALUES(1,2,100);
INSERT INTO TB_PRECOS(ID_SETOR, ID_TIPO_ASSENTO, PERC)
VALUES(1,3,0);
INSERT INTO TB_PRECOS(ID_SETOR, ID_TIPO_ASSENTO, PERC)
VALUES(2,1,30);
INSERT INTO TB_PRECOS(ID_SETOR, ID_TIPO_ASSENTO, PERC)
VALUES(2,3,0);
INSERT INTO TB_PRECOS(ID_SETOR, ID_TIPO_ASSENTO, PERC)
VALUES(3,1,0);

DELETE FROM TB_ASSENTO;
--------------ASSENTOS

INSERT INTO TB_ASSENTO (ID_ASSENTO, ASSENTO_NUMER, ASSENTO_FILEIRA, ID_TIPO_ASSENTO, ID_SETOR)
VALUES (1, 12, 'A', 3, 1);
INSERT INTO TB_ASSENTO (ID_ASSENTO, ASSENTO_NUMER, ASSENTO_FILEIRA, ID_TIPO_ASSENTO, ID_SETOR)
VALUES (SQ_ASSENTO.NEXTVAL, 13, 'A', 3, 1);
INSERT INTO TB_ASSENTO (ID_ASSENTO, ASSENTO_NUMER, ASSENTO_FILEIRA, ID_TIPO_ASSENTO, ID_SETOR)
VALUES (SQ_ASSENTO.NEXTVAL, 14, 'A', 3, 1);
INSERT INTO TB_ASSENTO (ID_ASSENTO, ASSENTO_NUMER, ASSENTO_FILEIRA, ID_TIPO_ASSENTO, ID_SETOR)
VALUES (SQ_ASSENTO.NEXTVAL, 15, 'A', 3, 1);
INSERT INTO TB_ASSENTO (ID_ASSENTO, ASSENTO_NUMER, ASSENTO_FILEIRA, ID_TIPO_ASSENTO, ID_SETOR)
VALUES (SQ_ASSENTO.NEXTVAL, 16, 'A', 3, 1);
INSERT INTO TB_ASSENTO (ID_ASSENTO, ASSENTO_NUMER, ASSENTO_FILEIRA, ID_TIPO_ASSENTO, ID_SETOR)
VALUES (SQ_ASSENTO.NEXTVAL, 17, 'A', 3, 1);

INSERT INTO TB_ASSENTO (ID_ASSENTO, ASSENTO_NUMER, ASSENTO_FILEIRA, ID_TIPO_ASSENTO, ID_SETOR)
VALUES (SQ_ASSENTO.NEXTVAL, 1, 'B', 1, 1);
INSERT INTO TB_ASSENTO (ID_ASSENTO, ASSENTO_NUMER, ASSENTO_FILEIRA, ID_TIPO_ASSENTO, ID_SETOR)
VALUES (SQ_ASSENTO.NEXTVAL, 2, 'B', 1, 1);
INSERT INTO TB_ASSENTO (ID_ASSENTO, ASSENTO_NUMER, ASSENTO_FILEIRA, ID_TIPO_ASSENTO, ID_SETOR)
VALUES (SQ_ASSENTO.NEXTVAL, 3, 'B', 1, 1);
INSERT INTO TB_ASSENTO (ID_ASSENTO, ASSENTO_NUMER, ASSENTO_FILEIRA, ID_TIPO_ASSENTO, ID_SETOR)
VALUES (SQ_ASSENTO.NEXTVAL, 4, 'B', 1, 1);
INSERT INTO TB_ASSENTO (ID_ASSENTO, ASSENTO_NUMER, ASSENTO_FILEIRA, ID_TIPO_ASSENTO, ID_SETOR)
VALUES (SQ_ASSENTO.NEXTVAL, 5, 'B', 1, 1);                                                                                 
INSERT INTO TB_ASSENTO (ID_ASSENTO, ASSENTO_NUMER, ASSENTO_FILEIRA, ID_TIPO_ASSENTO, ID_SETOR)
VALUES (SQ_ASSENTO.NEXTVAL, 6, 'B', 1, 1);                                                                                             
INSERT INTO TB_ASSENTO (ID_ASSENTO, ASSENTO_NUMER, ASSENTO_FILEIRA, ID_TIPO_ASSENTO, ID_SETOR)
VALUES (SQ_ASSENTO.NEXTVAL, 7, 'B', 1, 1);                                                                                            
INSERT INTO TB_ASSENTO (ID_ASSENTO, ASSENTO_NUMER, ASSENTO_FILEIRA, ID_TIPO_ASSENTO, ID_SETOR)
VALUES (SQ_ASSENTO.NEXTVAL, 8, 'B', 1, 1);                                                                                             
INSERT INTO TB_ASSENTO (ID_ASSENTO, ASSENTO_NUMER, ASSENTO_FILEIRA, ID_TIPO_ASSENTO, ID_SETOR)
VALUES (SQ_ASSENTO.NEXTVAL, 9, 'B', 1, 1);                                                                                             
INSERT INTO TB_ASSENTO (ID_ASSENTO, ASSENTO_NUMER, ASSENTO_FILEIRA, ID_TIPO_ASSENTO, ID_SETOR)
VALUES (SQ_ASSENTO.NEXTVAL, 10, 'B', 1, 1);
INSERT INTO TB_ASSENTO (ID_ASSENTO, ASSENTO_NUMER, ASSENTO_FILEIRA, ID_TIPO_ASSENTO, ID_SETOR)
VALUES (SQ_ASSENTO.NEXTVAL, 11, 'B', 1, 1);
INSERT INTO TB_ASSENTO (ID_ASSENTO, ASSENTO_NUMER, ASSENTO_FILEIRA, ID_TIPO_ASSENTO, ID_SETOR)
VALUES (SQ_ASSENTO.NEXTVAL, 12, 'B', 1, 1);
INSERT INTO TB_ASSENTO (ID_ASSENTO, ASSENTO_NUMER, ASSENTO_FILEIRA, ID_TIPO_ASSENTO, ID_SETOR)
VALUES (SQ_ASSENTO.NEXTVAL, 13, 'B', 1, 1);
INSERT INTO TB_ASSENTO (ID_ASSENTO, ASSENTO_NUMER, ASSENTO_FILEIRA, ID_TIPO_ASSENTO, ID_SETOR)
VALUES (SQ_ASSENTO.NEXTVAL, 14, 'B', 1, 1);
INSERT INTO TB_ASSENTO (ID_ASSENTO, ASSENTO_NUMER, ASSENTO_FILEIRA, ID_TIPO_ASSENTO, ID_SETOR)
VALUES (SQ_ASSENTO.NEXTVAL, 15, 'B', 1, 1);
INSERT INTO TB_ASSENTO (ID_ASSENTO, ASSENTO_NUMER, ASSENTO_FILEIRA, ID_TIPO_ASSENTO, ID_SETOR)
VALUES (SQ_ASSENTO.NEXTVAL, 16, 'B', 1, 1);
INSERT INTO TB_ASSENTO (ID_ASSENTO, ASSENTO_NUMER, ASSENTO_FILEIRA, ID_TIPO_ASSENTO, ID_SETOR)
VALUES (SQ_ASSENTO.NEXTVAL, 17, 'B', 1, 1);
INSERT INTO TB_ASSENTO (ID_ASSENTO, ASSENTO_NUMER, ASSENTO_FILEIRA, ID_TIPO_ASSENTO, ID_SETOR)
VALUES (SQ_ASSENTO.NEXTVAL, 18, 'B', 1, 1);
INSERT INTO TB_ASSENTO (ID_ASSENTO, ASSENTO_NUMER, ASSENTO_FILEIRA, ID_TIPO_ASSENTO, ID_SETOR)
VALUES (SQ_ASSENTO.NEXTVAL, 19, 'B', 1, 1);
INSERT INTO TB_ASSENTO (ID_ASSENTO, ASSENTO_NUMER, ASSENTO_FILEIRA, ID_TIPO_ASSENTO, ID_SETOR)
VALUES (SQ_ASSENTO.NEXTVAL, 20, 'B', 1, 1);
INSERT INTO TB_ASSENTO (ID_ASSENTO, ASSENTO_NUMER, ASSENTO_FILEIRA, ID_TIPO_ASSENTO, ID_SETOR)
VALUES (SQ_ASSENTO.NEXTVAL, 21, 'B', 1, 1);
INSERT INTO TB_ASSENTO (ID_ASSENTO, ASSENTO_NUMER, ASSENTO_FILEIRA, ID_TIPO_ASSENTO, ID_SETOR)
VALUES (SQ_ASSENTO.NEXTVAL, 22, 'B', 1, 1);
INSERT INTO TB_ASSENTO (ID_ASSENTO, ASSENTO_NUMER, ASSENTO_FILEIRA, ID_TIPO_ASSENTO, ID_SETOR)
VALUES (SQ_ASSENTO.NEXTVAL, 23, 'B', 1, 1);
INSERT INTO TB_ASSENTO (ID_ASSENTO, ASSENTO_NUMER, ASSENTO_FILEIRA, ID_TIPO_ASSENTO, ID_SETOR)
VALUES (SQ_ASSENTO.NEXTVAL, 24, 'B', 1, 1);
INSERT INTO TB_ASSENTO (ID_ASSENTO, ASSENTO_NUMER, ASSENTO_FILEIRA, ID_TIPO_ASSENTO, ID_SETOR)
VALUES (SQ_ASSENTO.NEXTVAL, 25, 'B', 1, 1);
INSERT INTO TB_ASSENTO (ID_ASSENTO, ASSENTO_NUMER, ASSENTO_FILEIRA, ID_TIPO_ASSENTO, ID_SETOR)
VALUES (SQ_ASSENTO.NEXTVAL, 26, 'B', 1, 1);
INSERT INTO TB_ASSENTO (ID_ASSENTO, ASSENTO_NUMER, ASSENTO_FILEIRA, ID_TIPO_ASSENTO, ID_SETOR)
VALUES (SQ_ASSENTO.NEXTVAL, 27, 'B', 1, 1);
INSERT INTO TB_ASSENTO (ID_ASSENTO, ASSENTO_NUMER, ASSENTO_FILEIRA, ID_TIPO_ASSENTO, ID_SETOR)
VALUES (SQ_ASSENTO.NEXTVAL, 28, 'B', 1, 1);                                                                                             
                                                                                             
INSERT INTO TB_ASSENTO (ID_ASSENTO, ASSENTO_NUMER, ASSENTO_FILEIRA, ID_TIPO_ASSENTO, ID_SETOR)
VALUES (SQ_ASSENTO.NEXTVAL, '1e2', 'C', 2, 1);
INSERT INTO TB_ASSENTO (ID_ASSENTO, ASSENTO_NUMER, ASSENTO_FILEIRA, ID_TIPO_ASSENTO, ID_SETOR)
VALUES (SQ_ASSENTO.NEXTVAL, '4e5', 'C', 2, 1);
INSERT INTO TB_ASSENTO (ID_ASSENTO, ASSENTO_NUMER, ASSENTO_FILEIRA, ID_TIPO_ASSENTO, ID_SETOR)
VALUES (SQ_ASSENTO.NEXTVAL, '7e8', 'C', 2, 1);   
INSERT INTO TB_ASSENTO (ID_ASSENTO, ASSENTO_NUMER, ASSENTO_FILEIRA, ID_TIPO_ASSENTO, ID_SETOR)
VALUES (SQ_ASSENTO.NEXTVAL, '10e11', 'C', 2, 1);                                                                                                
INSERT INTO TB_ASSENTO (ID_ASSENTO, ASSENTO_NUMER, ASSENTO_FILEIRA, ID_TIPO_ASSENTO, ID_SETOR)
VALUES (SQ_ASSENTO.NEXTVAL, '13e14', 'C', 2, 1);
INSERT INTO TB_ASSENTO (ID_ASSENTO, ASSENTO_NUMER, ASSENTO_FILEIRA, ID_TIPO_ASSENTO, ID_SETOR)
VALUES (SQ_ASSENTO.NEXTVAL, '15e16', 'C', 2, 1);
INSERT INTO TB_ASSENTO (ID_ASSENTO, ASSENTO_NUMER, ASSENTO_FILEIRA, ID_TIPO_ASSENTO, ID_SETOR)
VALUES (SQ_ASSENTO.NEXTVAL, '18e19', 'C', 2, 1);
INSERT INTO TB_ASSENTO (ID_ASSENTO, ASSENTO_NUMER, ASSENTO_FILEIRA, ID_TIPO_ASSENTO, ID_SETOR)
VALUES (SQ_ASSENTO.NEXTVAL, '21e22', 'C', 2, 1);   
INSERT INTO TB_ASSENTO (ID_ASSENTO, ASSENTO_NUMER, ASSENTO_FILEIRA, ID_TIPO_ASSENTO, ID_SETOR)
VALUES (SQ_ASSENTO.NEXTVAL, '24e25', 'C', 2, 1);
INSERT INTO TB_ASSENTO (ID_ASSENTO, ASSENTO_NUMER, ASSENTO_FILEIRA, ID_TIPO_ASSENTO, ID_SETOR)
VALUES (SQ_ASSENTO.NEXTVAL, '27e28', 'C', 2, 1);   
                                                                                            
INSERT INTO TB_ASSENTO (ID_ASSENTO, ASSENTO_NUMER, ASSENTO_FILEIRA, ID_TIPO_ASSENTO, ID_SETOR)
VALUES (SQ_ASSENTO.NEXTVAL, 1, 'D', 1, 2);
INSERT INTO TB_ASSENTO (ID_ASSENTO, ASSENTO_NUMER, ASSENTO_FILEIRA, ID_TIPO_ASSENTO, ID_SETOR)
VALUES (SQ_ASSENTO.NEXTVAL, 2, 'D', 1, 2);
INSERT INTO TB_ASSENTO (ID_ASSENTO, ASSENTO_NUMER, ASSENTO_FILEIRA, ID_TIPO_ASSENTO, ID_SETOR)
VALUES (SQ_ASSENTO.NEXTVAL, 3, 'D', 1, 2);
INSERT INTO TB_ASSENTO (ID_ASSENTO, ASSENTO_NUMER, ASSENTO_FILEIRA, ID_TIPO_ASSENTO, ID_SETOR)
VALUES (SQ_ASSENTO.NEXTVAL, 4, 'D', 1, 2);
INSERT INTO TB_ASSENTO (ID_ASSENTO, ASSENTO_NUMER, ASSENTO_FILEIRA, ID_TIPO_ASSENTO, ID_SETOR)
VALUES (SQ_ASSENTO.NEXTVAL, 5, 'D', 1, 2);
INSERT INTO TB_ASSENTO (ID_ASSENTO, ASSENTO_NUMER, ASSENTO_FILEIRA, ID_TIPO_ASSENTO, ID_SETOR)
VALUES (SQ_ASSENTO.NEXTVAL, 6, 'D', 1, 2);
INSERT INTO TB_ASSENTO (ID_ASSENTO, ASSENTO_NUMER, ASSENTO_FILEIRA, ID_TIPO_ASSENTO, ID_SETOR)
VALUES (SQ_ASSENTO.NEXTVAL, 7, 'D', 1, 2);
INSERT INTO TB_ASSENTO (ID_ASSENTO, ASSENTO_NUMER, ASSENTO_FILEIRA, ID_TIPO_ASSENTO, ID_SETOR)
VALUES (SQ_ASSENTO.NEXTVAL, 8, 'D', 1, 2);
INSERT INTO TB_ASSENTO (ID_ASSENTO, ASSENTO_NUMER, ASSENTO_FILEIRA, ID_TIPO_ASSENTO, ID_SETOR)
VALUES (SQ_ASSENTO.NEXTVAL, 9, 'D', 1, 2);
INSERT INTO TB_ASSENTO (ID_ASSENTO, ASSENTO_NUMER, ASSENTO_FILEIRA, ID_TIPO_ASSENTO, ID_SETOR)
VALUES (SQ_ASSENTO.NEXTVAL, 10, 'D', 1, 2);
INSERT INTO TB_ASSENTO (ID_ASSENTO, ASSENTO_NUMER, ASSENTO_FILEIRA, ID_TIPO_ASSENTO, ID_SETOR)
VALUES (SQ_ASSENTO.NEXTVAL, 11, 'D', 1, 2);
INSERT INTO TB_ASSENTO (ID_ASSENTO, ASSENTO_NUMER, ASSENTO_FILEIRA, ID_TIPO_ASSENTO, ID_SETOR)
VALUES (SQ_ASSENTO.NEXTVAL, 12, 'D', 1, 2);
INSERT INTO TB_ASSENTO (ID_ASSENTO, ASSENTO_NUMER, ASSENTO_FILEIRA, ID_TIPO_ASSENTO, ID_SETOR)
VALUES (SQ_ASSENTO.NEXTVAL, 13, 'D', 1, 2);
INSERT INTO TB_ASSENTO (ID_ASSENTO, ASSENTO_NUMER, ASSENTO_FILEIRA, ID_TIPO_ASSENTO, ID_SETOR)
VALUES (SQ_ASSENTO.NEXTVAL, 14, 'D', 1, 2);
INSERT INTO TB_ASSENTO (ID_ASSENTO, ASSENTO_NUMER, ASSENTO_FILEIRA, ID_TIPO_ASSENTO, ID_SETOR)
VALUES (SQ_ASSENTO.NEXTVAL, 15, 'D', 1, 2);
INSERT INTO TB_ASSENTO (ID_ASSENTO, ASSENTO_NUMER, ASSENTO_FILEIRA, ID_TIPO_ASSENTO, ID_SETOR)
VALUES (SQ_ASSENTO.NEXTVAL, 16, 'D', 1, 2);
INSERT INTO TB_ASSENTO (ID_ASSENTO, ASSENTO_NUMER, ASSENTO_FILEIRA, ID_TIPO_ASSENTO, ID_SETOR)
VALUES (SQ_ASSENTO.NEXTVAL, 17, 'D', 1, 2);
INSERT INTO TB_ASSENTO (ID_ASSENTO, ASSENTO_NUMER, ASSENTO_FILEIRA, ID_TIPO_ASSENTO, ID_SETOR)
VALUES (SQ_ASSENTO.NEXTVAL, 18, 'D', 1, 2);
INSERT INTO TB_ASSENTO (ID_ASSENTO, ASSENTO_NUMER, ASSENTO_FILEIRA, ID_TIPO_ASSENTO, ID_SETOR)
VALUES (SQ_ASSENTO.NEXTVAL, 19, 'D', 1, 2);
INSERT INTO TB_ASSENTO (ID_ASSENTO, ASSENTO_NUMER, ASSENTO_FILEIRA, ID_TIPO_ASSENTO, ID_SETOR)
VALUES (SQ_ASSENTO.NEXTVAL, 20, 'D', 1, 2);
INSERT INTO TB_ASSENTO (ID_ASSENTO, ASSENTO_NUMER, ASSENTO_FILEIRA, ID_TIPO_ASSENTO, ID_SETOR)
VALUES (SQ_ASSENTO.NEXTVAL, 21, 'D', 1, 2);
INSERT INTO TB_ASSENTO (ID_ASSENTO, ASSENTO_NUMER, ASSENTO_FILEIRA, ID_TIPO_ASSENTO, ID_SETOR)
VALUES (SQ_ASSENTO.NEXTVAL, 22, 'D', 1, 2);
INSERT INTO TB_ASSENTO (ID_ASSENTO, ASSENTO_NUMER, ASSENTO_FILEIRA, ID_TIPO_ASSENTO, ID_SETOR)
VALUES (SQ_ASSENTO.NEXTVAL, 23, 'D', 1, 2);
INSERT INTO TB_ASSENTO (ID_ASSENTO, ASSENTO_NUMER, ASSENTO_FILEIRA, ID_TIPO_ASSENTO, ID_SETOR)
VALUES (SQ_ASSENTO.NEXTVAL, 24, 'D', 1, 2);
INSERT INTO TB_ASSENTO (ID_ASSENTO, ASSENTO_NUMER, ASSENTO_FILEIRA, ID_TIPO_ASSENTO, ID_SETOR)
VALUES (SQ_ASSENTO.NEXTVAL, 25, 'D', 1, 2);
INSERT INTO TB_ASSENTO (ID_ASSENTO, ASSENTO_NUMER, ASSENTO_FILEIRA, ID_TIPO_ASSENTO, ID_SETOR)
VALUES (SQ_ASSENTO.NEXTVAL, 26, 'D', 1, 2);
INSERT INTO TB_ASSENTO (ID_ASSENTO, ASSENTO_NUMER, ASSENTO_FILEIRA, ID_TIPO_ASSENTO, ID_SETOR)
VALUES (SQ_ASSENTO.NEXTVAL, 27, 'D', 1, 2);
INSERT INTO TB_ASSENTO (ID_ASSENTO, ASSENTO_NUMER, ASSENTO_FILEIRA, ID_TIPO_ASSENTO, ID_SETOR)
VALUES (SQ_ASSENTO.NEXTVAL, 28, 'D', 1, 2);
                                                                                                                                                                                         
INSERT INTO TB_ASSENTO (ID_ASSENTO, ASSENTO_NUMER, ASSENTO_FILEIRA, ID_TIPO_ASSENTO, ID_SETOR)
VALUES (SQ_ASSENTO.NEXTVAL, 1, 'E', 1, 2);
INSERT INTO TB_ASSENTO (ID_ASSENTO, ASSENTO_NUMER, ASSENTO_FILEIRA, ID_TIPO_ASSENTO, ID_SETOR)
VALUES (SQ_ASSENTO.NEXTVAL, 2, 'E', 1, 2);
INSERT INTO TB_ASSENTO (ID_ASSENTO, ASSENTO_NUMER, ASSENTO_FILEIRA, ID_TIPO_ASSENTO, ID_SETOR)
VALUES (SQ_ASSENTO.NEXTVAL, 3, 'E', 1, 2);
INSERT INTO TB_ASSENTO (ID_ASSENTO, ASSENTO_NUMER, ASSENTO_FILEIRA, ID_TIPO_ASSENTO, ID_SETOR)
VALUES (SQ_ASSENTO.NEXTVAL, 4, 'E', 1, 2);
INSERT INTO TB_ASSENTO (ID_ASSENTO, ASSENTO_NUMER, ASSENTO_FILEIRA, ID_TIPO_ASSENTO, ID_SETOR)
VALUES (SQ_ASSENTO.NEXTVAL, 5, 'E', 1, 2);
INSERT INTO TB_ASSENTO (ID_ASSENTO, ASSENTO_NUMER, ASSENTO_FILEIRA, ID_TIPO_ASSENTO, ID_SETOR)
VALUES (SQ_ASSENTO.NEXTVAL, 6, 'E', 1, 2);
INSERT INTO TB_ASSENTO (ID_ASSENTO, ASSENTO_NUMER, ASSENTO_FILEIRA, ID_TIPO_ASSENTO, ID_SETOR)
VALUES (SQ_ASSENTO.NEXTVAL, 7, 'E', 1, 2);
INSERT INTO TB_ASSENTO (ID_ASSENTO, ASSENTO_NUMER, ASSENTO_FILEIRA, ID_TIPO_ASSENTO, ID_SETOR)
VALUES (SQ_ASSENTO.NEXTVAL, 8, 'E', 1, 2);
INSERT INTO TB_ASSENTO (ID_ASSENTO, ASSENTO_NUMER, ASSENTO_FILEIRA, ID_TIPO_ASSENTO, ID_SETOR)
VALUES (SQ_ASSENTO.NEXTVAL, 9, 'E', 1, 2);
INSERT INTO TB_ASSENTO (ID_ASSENTO, ASSENTO_NUMER, ASSENTO_FILEIRA, ID_TIPO_ASSENTO, ID_SETOR)
VALUES (SQ_ASSENTO.NEXTVAL, 10, 'E', 1, 2);
INSERT INTO TB_ASSENTO (ID_ASSENTO, ASSENTO_NUMER, ASSENTO_FILEIRA, ID_TIPO_ASSENTO, ID_SETOR)
VALUES (SQ_ASSENTO.NEXTVAL, 11, 'E', 1, 2);
INSERT INTO TB_ASSENTO (ID_ASSENTO, ASSENTO_NUMER, ASSENTO_FILEIRA, ID_TIPO_ASSENTO, ID_SETOR)
VALUES (SQ_ASSENTO.NEXTVAL, 12, 'E', 3, 2);
INSERT INTO TB_ASSENTO (ID_ASSENTO, ASSENTO_NUMER, ASSENTO_FILEIRA, ID_TIPO_ASSENTO, ID_SETOR)
VALUES (SQ_ASSENTO.NEXTVAL, 13, 'E', 3, 2);
INSERT INTO TB_ASSENTO (ID_ASSENTO, ASSENTO_NUMER, ASSENTO_FILEIRA, ID_TIPO_ASSENTO, ID_SETOR)
VALUES (SQ_ASSENTO.NEXTVAL, 14, 'E', 3, 2);
INSERT INTO TB_ASSENTO (ID_ASSENTO, ASSENTO_NUMER, ASSENTO_FILEIRA, ID_TIPO_ASSENTO, ID_SETOR)
VALUES (SQ_ASSENTO.NEXTVAL, 15, 'E', 3, 2);
INSERT INTO TB_ASSENTO (ID_ASSENTO, ASSENTO_NUMER, ASSENTO_FILEIRA, ID_TIPO_ASSENTO, ID_SETOR)
VALUES (SQ_ASSENTO.NEXTVAL, 16, 'E', 3, 2);
INSERT INTO TB_ASSENTO (ID_ASSENTO, ASSENTO_NUMER, ASSENTO_FILEIRA, ID_TIPO_ASSENTO, ID_SETOR)
VALUES (SQ_ASSENTO.NEXTVAL, 17, 'E', 3, 2);
INSERT INTO TB_ASSENTO (ID_ASSENTO, ASSENTO_NUMER, ASSENTO_FILEIRA, ID_TIPO_ASSENTO, ID_SETOR)
VALUES (SQ_ASSENTO.NEXTVAL, 18, 'E', 1, 2);
INSERT INTO TB_ASSENTO (ID_ASSENTO, ASSENTO_NUMER, ASSENTO_FILEIRA, ID_TIPO_ASSENTO, ID_SETOR)
VALUES (SQ_ASSENTO.NEXTVAL, 19, 'E', 1, 2);
INSERT INTO TB_ASSENTO (ID_ASSENTO, ASSENTO_NUMER, ASSENTO_FILEIRA, ID_TIPO_ASSENTO, ID_SETOR)
VALUES (SQ_ASSENTO.NEXTVAL, 20, 'E', 1, 2);
INSERT INTO TB_ASSENTO (ID_ASSENTO, ASSENTO_NUMER, ASSENTO_FILEIRA, ID_TIPO_ASSENTO, ID_SETOR)
VALUES (SQ_ASSENTO.NEXTVAL, 21, 'E', 1, 2);
INSERT INTO TB_ASSENTO (ID_ASSENTO, ASSENTO_NUMER, ASSENTO_FILEIRA, ID_TIPO_ASSENTO, ID_SETOR)
VALUES (SQ_ASSENTO.NEXTVAL, 21, 'E', 1, 2);
INSERT INTO TB_ASSENTO (ID_ASSENTO, ASSENTO_NUMER, ASSENTO_FILEIRA, ID_TIPO_ASSENTO, ID_SETOR)
VALUES (SQ_ASSENTO.NEXTVAL, 22, 'E', 1, 2);
INSERT INTO TB_ASSENTO (ID_ASSENTO, ASSENTO_NUMER, ASSENTO_FILEIRA, ID_TIPO_ASSENTO, ID_SETOR)
VALUES (SQ_ASSENTO.NEXTVAL, 23, 'E', 1, 2);
INSERT INTO TB_ASSENTO (ID_ASSENTO, ASSENTO_NUMER, ASSENTO_FILEIRA, ID_TIPO_ASSENTO, ID_SETOR)
VALUES (SQ_ASSENTO.NEXTVAL, 24, 'E', 1, 2);
INSERT INTO TB_ASSENTO (ID_ASSENTO, ASSENTO_NUMER, ASSENTO_FILEIRA, ID_TIPO_ASSENTO, ID_SETOR)
VALUES (SQ_ASSENTO.NEXTVAL, 25, 'E', 1, 2);
INSERT INTO TB_ASSENTO (ID_ASSENTO, ASSENTO_NUMER, ASSENTO_FILEIRA, ID_TIPO_ASSENTO, ID_SETOR)
VALUES (SQ_ASSENTO.NEXTVAL, 26, 'E', 1, 2);
INSERT INTO TB_ASSENTO (ID_ASSENTO, ASSENTO_NUMER, ASSENTO_FILEIRA, ID_TIPO_ASSENTO, ID_SETOR)
VALUES (SQ_ASSENTO.NEXTVAL, 27, 'E', 1, 2);
INSERT INTO TB_ASSENTO (ID_ASSENTO, ASSENTO_NUMER, ASSENTO_FILEIRA, ID_TIPO_ASSENTO, ID_SETOR)
VALUES (SQ_ASSENTO.NEXTVAL, 28, 'E', 1, 2);

INSERT INTO TB_ASSENTO (ID_ASSENTO, ASSENTO_NUMER, ASSENTO_FILEIRA, ID_TIPO_ASSENTO, ID_SETOR)
VALUES (SQ_ASSENTO.NEXTVAL, 1, 'F', 1, 3);
INSERT INTO TB_ASSENTO (ID_ASSENTO, ASSENTO_NUMER, ASSENTO_FILEIRA, ID_TIPO_ASSENTO, ID_SETOR)
VALUES (SQ_ASSENTO.NEXTVAL, 2, 'F', 1, 3);
INSERT INTO TB_ASSENTO (ID_ASSENTO, ASSENTO_NUMER, ASSENTO_FILEIRA, ID_TIPO_ASSENTO, ID_SETOR)
VALUES (SQ_ASSENTO.NEXTVAL, 3, 'F', 1, 3);
INSERT INTO TB_ASSENTO (ID_ASSENTO, ASSENTO_NUMER, ASSENTO_FILEIRA, ID_TIPO_ASSENTO, ID_SETOR)
VALUES (SQ_ASSENTO.NEXTVAL, 4, 'F', 1, 3);
INSERT INTO TB_ASSENTO (ID_ASSENTO, ASSENTO_NUMER, ASSENTO_FILEIRA, ID_TIPO_ASSENTO, ID_SETOR)
VALUES (SQ_ASSENTO.NEXTVAL, 5, 'F', 1, 3);
INSERT INTO TB_ASSENTO (ID_ASSENTO, ASSENTO_NUMER, ASSENTO_FILEIRA, ID_TIPO_ASSENTO, ID_SETOR)
VALUES (SQ_ASSENTO.NEXTVAL, 6, 'F', 1, 3);
INSERT INTO TB_ASSENTO (ID_ASSENTO, ASSENTO_NUMER, ASSENTO_FILEIRA, ID_TIPO_ASSENTO, ID_SETOR)
VALUES (SQ_ASSENTO.NEXTVAL, 7, 'F', 1, 3);
INSERT INTO TB_ASSENTO (ID_ASSENTO, ASSENTO_NUMER, ASSENTO_FILEIRA, ID_TIPO_ASSENTO, ID_SETOR)
VALUES (SQ_ASSENTO.NEXTVAL, 8, 'F', 1, 3);
INSERT INTO TB_ASSENTO (ID_ASSENTO, ASSENTO_NUMER, ASSENTO_FILEIRA, ID_TIPO_ASSENTO, ID_SETOR)
VALUES (SQ_ASSENTO.NEXTVAL, 9, 'F', 1, 3);
INSERT INTO TB_ASSENTO (ID_ASSENTO, ASSENTO_NUMER, ASSENTO_FILEIRA, ID_TIPO_ASSENTO, ID_SETOR)
VALUES (SQ_ASSENTO.NEXTVAL, 10, 'F', 1, 3);
INSERT INTO TB_ASSENTO (ID_ASSENTO, ASSENTO_NUMER, ASSENTO_FILEIRA, ID_TIPO_ASSENTO, ID_SETOR)
VALUES (SQ_ASSENTO.NEXTVAL, 11, 'F', 1, 3);
INSERT INTO TB_ASSENTO (ID_ASSENTO, ASSENTO_NUMER, ASSENTO_FILEIRA, ID_TIPO_ASSENTO, ID_SETOR)
VALUES (SQ_ASSENTO.NEXTVAL, 12, 'F', 1, 3);
INSERT INTO TB_ASSENTO (ID_ASSENTO, ASSENTO_NUMER, ASSENTO_FILEIRA, ID_TIPO_ASSENTO, ID_SETOR)
VALUES (SQ_ASSENTO.NEXTVAL, 13, 'F', 1, 3);
INSERT INTO TB_ASSENTO (ID_ASSENTO, ASSENTO_NUMER, ASSENTO_FILEIRA, ID_TIPO_ASSENTO, ID_SETOR)
VALUES (SQ_ASSENTO.NEXTVAL, 14, 'F', 1, 3);
INSERT INTO TB_ASSENTO (ID_ASSENTO, ASSENTO_NUMER, ASSENTO_FILEIRA, ID_TIPO_ASSENTO, ID_SETOR)
VALUES (SQ_ASSENTO.NEXTVAL, 15, 'F', 1, 3);
INSERT INTO TB_ASSENTO (ID_ASSENTO, ASSENTO_NUMER, ASSENTO_FILEIRA, ID_TIPO_ASSENTO, ID_SETOR)
VALUES (SQ_ASSENTO.NEXTVAL, 16, 'F', 1, 3);
INSERT INTO TB_ASSENTO (ID_ASSENTO, ASSENTO_NUMER, ASSENTO_FILEIRA, ID_TIPO_ASSENTO, ID_SETOR)
VALUES (SQ_ASSENTO.NEXTVAL, 17, 'F', 1, 3);
INSERT INTO TB_ASSENTO (ID_ASSENTO, ASSENTO_NUMER, ASSENTO_FILEIRA, ID_TIPO_ASSENTO, ID_SETOR)
VALUES (SQ_ASSENTO.NEXTVAL, 18, 'F', 1, 3);
INSERT INTO TB_ASSENTO (ID_ASSENTO, ASSENTO_NUMER, ASSENTO_FILEIRA, ID_TIPO_ASSENTO, ID_SETOR)
VALUES (SQ_ASSENTO.NEXTVAL, 19, 'F', 1, 3);
INSERT INTO TB_ASSENTO (ID_ASSENTO, ASSENTO_NUMER, ASSENTO_FILEIRA, ID_TIPO_ASSENTO, ID_SETOR)
VALUES (SQ_ASSENTO.NEXTVAL, 20, 'F', 1, 3);
INSERT INTO TB_ASSENTO (ID_ASSENTO, ASSENTO_NUMER, ASSENTO_FILEIRA, ID_TIPO_ASSENTO, ID_SETOR)
VALUES (SQ_ASSENTO.NEXTVAL, 21, 'F', 1, 3);
INSERT INTO TB_ASSENTO (ID_ASSENTO, ASSENTO_NUMER, ASSENTO_FILEIRA, ID_TIPO_ASSENTO, ID_SETOR)
VALUES (SQ_ASSENTO.NEXTVAL, 22, 'F', 1, 3);
INSERT INTO TB_ASSENTO (ID_ASSENTO, ASSENTO_NUMER, ASSENTO_FILEIRA, ID_TIPO_ASSENTO, ID_SETOR)
VALUES (SQ_ASSENTO.NEXTVAL, 23, 'F', 1, 3);
INSERT INTO TB_ASSENTO (ID_ASSENTO, ASSENTO_NUMER, ASSENTO_FILEIRA, ID_TIPO_ASSENTO, ID_SETOR)
VALUES (SQ_ASSENTO.NEXTVAL, 24, 'F', 1, 3);
INSERT INTO TB_ASSENTO (ID_ASSENTO, ASSENTO_NUMER, ASSENTO_FILEIRA, ID_TIPO_ASSENTO, ID_SETOR)
VALUES (SQ_ASSENTO.NEXTVAL, 25, 'F', 1, 3);
INSERT INTO TB_ASSENTO (ID_ASSENTO, ASSENTO_NUMER, ASSENTO_FILEIRA, ID_TIPO_ASSENTO, ID_SETOR)
VALUES (SQ_ASSENTO.NEXTVAL, 26, 'F', 1, 3);
INSERT INTO TB_ASSENTO (ID_ASSENTO, ASSENTO_NUMER, ASSENTO_FILEIRA, ID_TIPO_ASSENTO, ID_SETOR)
VALUES (SQ_ASSENTO.NEXTVAL, 27, 'F', 1, 3);
INSERT INTO TB_ASSENTO (ID_ASSENTO, ASSENTO_NUMER, ASSENTO_FILEIRA, ID_TIPO_ASSENTO, ID_SETOR)
VALUES (SQ_ASSENTO.NEXTVAL, 28, 'F', 1, 3);

INSERT INTO TB_ASSENTO (ID_ASSENTO, ASSENTO_NUMER, ASSENTO_FILEIRA, ID_TIPO_ASSENTO, ID_SETOR)
VALUES (SQ_ASSENTO.NEXTVAL, 1, 'G', 1, 3);
INSERT INTO TB_ASSENTO (ID_ASSENTO, ASSENTO_NUMER, ASSENTO_FILEIRA, ID_TIPO_ASSENTO, ID_SETOR)
VALUES (SQ_ASSENTO.NEXTVAL, 2, 'G', 1, 3);
INSERT INTO TB_ASSENTO (ID_ASSENTO, ASSENTO_NUMER, ASSENTO_FILEIRA, ID_TIPO_ASSENTO, ID_SETOR)
VALUES (SQ_ASSENTO.NEXTVAL, 3, 'G', 1, 3);
INSERT INTO TB_ASSENTO (ID_ASSENTO, ASSENTO_NUMER, ASSENTO_FILEIRA, ID_TIPO_ASSENTO, ID_SETOR)
VALUES (SQ_ASSENTO.NEXTVAL, 4, 'G', 1, 3);
INSERT INTO TB_ASSENTO (ID_ASSENTO, ASSENTO_NUMER, ASSENTO_FILEIRA, ID_TIPO_ASSENTO, ID_SETOR)
VALUES (SQ_ASSENTO.NEXTVAL, 5, 'G', 1, 3);
INSERT INTO TB_ASSENTO (ID_ASSENTO, ASSENTO_NUMER, ASSENTO_FILEIRA, ID_TIPO_ASSENTO, ID_SETOR)
VALUES (SQ_ASSENTO.NEXTVAL, 6, 'G', 1, 3);
INSERT INTO TB_ASSENTO (ID_ASSENTO, ASSENTO_NUMER, ASSENTO_FILEIRA, ID_TIPO_ASSENTO, ID_SETOR)
VALUES (SQ_ASSENTO.NEXTVAL, 7, 'G', 1, 3);
INSERT INTO TB_ASSENTO (ID_ASSENTO, ASSENTO_NUMER, ASSENTO_FILEIRA, ID_TIPO_ASSENTO, ID_SETOR)
VALUES (SQ_ASSENTO.NEXTVAL, 8, 'G', 1, 3);
INSERT INTO TB_ASSENTO (ID_ASSENTO, ASSENTO_NUMER, ASSENTO_FILEIRA, ID_TIPO_ASSENTO, ID_SETOR)
VALUES (SQ_ASSENTO.NEXTVAL, 9, 'G', 1, 3);
INSERT INTO TB_ASSENTO (ID_ASSENTO, ASSENTO_NUMER, ASSENTO_FILEIRA, ID_TIPO_ASSENTO, ID_SETOR)
VALUES (SQ_ASSENTO.NEXTVAL, 10, 'G', 1, 3);
INSERT INTO TB_ASSENTO (ID_ASSENTO, ASSENTO_NUMER, ASSENTO_FILEIRA, ID_TIPO_ASSENTO, ID_SETOR)
VALUES (SQ_ASSENTO.NEXTVAL, 11, 'G', 1, 3);
INSERT INTO TB_ASSENTO (ID_ASSENTO, ASSENTO_NUMER, ASSENTO_FILEIRA, ID_TIPO_ASSENTO, ID_SETOR)
VALUES (SQ_ASSENTO.NEXTVAL, 12, 'G', 1, 3);
INSERT INTO TB_ASSENTO (ID_ASSENTO, ASSENTO_NUMER, ASSENTO_FILEIRA, ID_TIPO_ASSENTO, ID_SETOR)
VALUES (SQ_ASSENTO.NEXTVAL, 13, 'G', 1, 3);
INSERT INTO TB_ASSENTO (ID_ASSENTO, ASSENTO_NUMER, ASSENTO_FILEIRA, ID_TIPO_ASSENTO, ID_SETOR)
VALUES (SQ_ASSENTO.NEXTVAL, 14, 'G', 1, 3);
INSERT INTO TB_ASSENTO (ID_ASSENTO, ASSENTO_NUMER, ASSENTO_FILEIRA, ID_TIPO_ASSENTO, ID_SETOR)
VALUES (SQ_ASSENTO.NEXTVAL, 15, 'G', 1, 3);
INSERT INTO TB_ASSENTO (ID_ASSENTO, ASSENTO_NUMER, ASSENTO_FILEIRA, ID_TIPO_ASSENTO, ID_SETOR)
VALUES (SQ_ASSENTO.NEXTVAL, 16, 'G', 1, 3);
INSERT INTO TB_ASSENTO (ID_ASSENTO, ASSENTO_NUMER, ASSENTO_FILEIRA, ID_TIPO_ASSENTO, ID_SETOR)
VALUES (SQ_ASSENTO.NEXTVAL, 17, 'G', 1, 3);
INSERT INTO TB_ASSENTO (ID_ASSENTO, ASSENTO_NUMER, ASSENTO_FILEIRA, ID_TIPO_ASSENTO, ID_SETOR)
VALUES (SQ_ASSENTO.NEXTVAL, 18, 'G', 1, 3);
INSERT INTO TB_ASSENTO (ID_ASSENTO, ASSENTO_NUMER, ASSENTO_FILEIRA, ID_TIPO_ASSENTO, ID_SETOR)
VALUES (SQ_ASSENTO.NEXTVAL, 19, 'G', 1, 3);
INSERT INTO TB_ASSENTO (ID_ASSENTO, ASSENTO_NUMER, ASSENTO_FILEIRA, ID_TIPO_ASSENTO, ID_SETOR)
VALUES (SQ_ASSENTO.NEXTVAL, 20, 'G', 1, 3);
INSERT INTO TB_ASSENTO (ID_ASSENTO, ASSENTO_NUMER, ASSENTO_FILEIRA, ID_TIPO_ASSENTO, ID_SETOR)
VALUES (SQ_ASSENTO.NEXTVAL, 21, 'G', 1, 3);
INSERT INTO TB_ASSENTO (ID_ASSENTO, ASSENTO_NUMER, ASSENTO_FILEIRA, ID_TIPO_ASSENTO, ID_SETOR)
VALUES (SQ_ASSENTO.NEXTVAL, 22, 'G', 1, 3);
INSERT INTO TB_ASSENTO (ID_ASSENTO, ASSENTO_NUMER, ASSENTO_FILEIRA, ID_TIPO_ASSENTO, ID_SETOR)
VALUES (SQ_ASSENTO.NEXTVAL, 23, 'G', 1, 3);
INSERT INTO TB_ASSENTO (ID_ASSENTO, ASSENTO_NUMER, ASSENTO_FILEIRA, ID_TIPO_ASSENTO, ID_SETOR)
VALUES (SQ_ASSENTO.NEXTVAL, 24, 'G', 1, 3);
INSERT INTO TB_ASSENTO (ID_ASSENTO, ASSENTO_NUMER, ASSENTO_FILEIRA, ID_TIPO_ASSENTO, ID_SETOR)
VALUES (SQ_ASSENTO.NEXTVAL, 25, 'G', 1, 3);
INSERT INTO TB_ASSENTO (ID_ASSENTO, ASSENTO_NUMER, ASSENTO_FILEIRA, ID_TIPO_ASSENTO, ID_SETOR)
VALUES (SQ_ASSENTO.NEXTVAL, 26, 'G', 1, 3);
INSERT INTO TB_ASSENTO (ID_ASSENTO, ASSENTO_NUMER, ASSENTO_FILEIRA, ID_TIPO_ASSENTO, ID_SETOR)
VALUES (SQ_ASSENTO.NEXTVAL, 27, 'G', 1, 3);
INSERT INTO TB_ASSENTO (ID_ASSENTO, ASSENTO_NUMER, ASSENTO_FILEIRA, ID_TIPO_ASSENTO, ID_SETOR)
VALUES (SQ_ASSENTO.NEXTVAL, 28, 'G', 1, 3);

INSERT INTO TB_ASSENTO (ID_ASSENTO, ASSENTO_NUMER, ASSENTO_FILEIRA, ID_TIPO_ASSENTO, ID_SETOR)
VALUES (SQ_ASSENTO.NEXTVAL, 8, 'H', 1, 3);
INSERT INTO TB_ASSENTO (ID_ASSENTO, ASSENTO_NUMER, ASSENTO_FILEIRA, ID_TIPO_ASSENTO, ID_SETOR)
VALUES (SQ_ASSENTO.NEXTVAL, 9, 'H', 1, 3);
INSERT INTO TB_ASSENTO (ID_ASSENTO, ASSENTO_NUMER, ASSENTO_FILEIRA, ID_TIPO_ASSENTO, ID_SETOR)
VALUES (SQ_ASSENTO.NEXTVAL, 10, 'H', 1, 3);
INSERT INTO TB_ASSENTO (ID_ASSENTO, ASSENTO_NUMER, ASSENTO_FILEIRA, ID_TIPO_ASSENTO, ID_SETOR)
VALUES (SQ_ASSENTO.NEXTVAL, 11, 'H', 1, 3);
INSERT INTO TB_ASSENTO (ID_ASSENTO, ASSENTO_NUMER, ASSENTO_FILEIRA, ID_TIPO_ASSENTO, ID_SETOR)
VALUES (SQ_ASSENTO.NEXTVAL, 12, 'H', 1, 3);
INSERT INTO TB_ASSENTO (ID_ASSENTO, ASSENTO_NUMER, ASSENTO_FILEIRA, ID_TIPO_ASSENTO, ID_SETOR)
VALUES (SQ_ASSENTO.NEXTVAL, 13, 'H', 1, 3);
INSERT INTO TB_ASSENTO (ID_ASSENTO, ASSENTO_NUMER, ASSENTO_FILEIRA, ID_TIPO_ASSENTO, ID_SETOR)
VALUES (SQ_ASSENTO.NEXTVAL, 14, 'H', 1, 3);
INSERT INTO TB_ASSENTO (ID_ASSENTO, ASSENTO_NUMER, ASSENTO_FILEIRA, ID_TIPO_ASSENTO, ID_SETOR)
VALUES (SQ_ASSENTO.NEXTVAL, 15, 'H', 1, 3);
INSERT INTO TB_ASSENTO (ID_ASSENTO, ASSENTO_NUMER, ASSENTO_FILEIRA, ID_TIPO_ASSENTO, ID_SETOR)
VALUES (SQ_ASSENTO.NEXTVAL, 16, 'H', 1, 3);
INSERT INTO TB_ASSENTO (ID_ASSENTO, ASSENTO_NUMER, ASSENTO_FILEIRA, ID_TIPO_ASSENTO, ID_SETOR)
VALUES (SQ_ASSENTO.NEXTVAL, 17, 'H', 1, 3);
INSERT INTO TB_ASSENTO (ID_ASSENTO, ASSENTO_NUMER, ASSENTO_FILEIRA, ID_TIPO_ASSENTO, ID_SETOR)
VALUES (SQ_ASSENTO.NEXTVAL, 18, 'H', 1, 3);
INSERT INTO TB_ASSENTO (ID_ASSENTO, ASSENTO_NUMER, ASSENTO_FILEIRA, ID_TIPO_ASSENTO, ID_SETOR)
VALUES (SQ_ASSENTO.NEXTVAL, 19, 'H', 1, 3);
INSERT INTO TB_ASSENTO (ID_ASSENTO, ASSENTO_NUMER, ASSENTO_FILEIRA, ID_TIPO_ASSENTO, ID_SETOR)
VALUES (SQ_ASSENTO.NEXTVAL, 20, 'H', 1, 3);
INSERT INTO TB_ASSENTO (ID_ASSENTO, ASSENTO_NUMER, ASSENTO_FILEIRA, ID_TIPO_ASSENTO, ID_SETOR)
VALUES (SQ_ASSENTO.NEXTVAL, 21, 'H', 1, 3);


----------------------