USE TCCSHOW;

------------TIPOS DE PESSOA -FEITO
INSERT INTO TB_TIPO_PESSOA(ID_TIPO_PESSOA, TIPO_PESSOA)
VALUES(1,'FUNCIONARIO');

INSERT INTO TB_TIPO_PESSOA(ID_TIPO_PESSOA, TIPO_PESSOA)
VALUES(2,'CLIENTE');

INSERT INTO TB_TIPO_PESSOA(ID_TIPO_PESSOA, TIPO_PESSOA)
VALUES(3,'ARTISTA');

INSERT INTO TB_TIPO_PESSOA(ID_TIPO_PESSOA, TIPO_PESSOA)
VALUES(4,'ARTISTA-FIXO');


------------FORMAS DE PAGAMENTO -FEITO
INSERT INTO TB_FORMA_PAGAMENTO(ID_FORMA_PAGAMENTO, FORMA_PAGAMENTO)
VALUES(1, 'DINHEIRO');

INSERT INTO TB_FORMA_PAGAMENTO(ID_FORMA_PAGAMENTO, FORMA_PAGAMENTO)
VALUES(2, 'CARTAO DE CREDITO');

INSERT INTO TB_FORMA_PAGAMENTO(ID_FORMA_PAGAMENTO, FORMA_PAGAMENTO)
VALUES(3, 'CARTAO DE DEBITO');

INSERT INTO TB_FORMA_PAGAMENTO(ID_FORMA_PAGAMENTO, FORMA_PAGAMENTO)
VALUES(4, 'BOLETO');

INSERT INTO TB_FORMA_PAGAMENTO(ID_FORMA_PAGAMENTO, FORMA_PAGAMENTO)
VALUES(5, 'CHEQUE');


-------------FUNÇÕES -FEITO
INSERT INTO TB_FUNCAO(ID_FUNCAO, FUNCAO)
VALUES(1,'GERENTE');

INSERT INTO TB_FUNCAO(ID_FUNCAO, FUNCAO)
VALUES(2,'ATENDENTE');

INSERT INTO TB_FUNCAO(ID_FUNCAO, FUNCAO)
VALUES(3,'AUXILIAR DE LIMPEZA');

INSERT INTO TB_FUNCAO(ID_FUNCAO, FUNCAO)
VALUES(4,'SEGURANCA'); 


-------------NIVEIS DE ACESSO -FEITO
INSERT INTO TB_NIVELACESSO(ID_NIVELACESSO, NIVELACESSO)
VALUES(1,'ADMINISTRADOR');

INSERT INTO TB_NIVELACESSO(ID_NIVELACESSO, NIVELACESSO)
VALUES(2,'FUNCIONARIO COMUM');

INSERT INTO TB_NIVELACESSO(ID_NIVELACESSO, NIVELACESSO)
VALUES(3,'USUARIO CLIENTE');


-------------GERENTE CLAUDIO
INSERT INTO TB_PESSOA(ID_PESSOA, NOME, DATA_NASC, SEXO,ATIVO, ID_TIPO_PESSOA, DATA_CRIACAO) 
VALUES(1,'CLAUDIO','11/09/1985' ,'MASCULINO',1,1,'01/01/2017'); --FEITO

INSERT INTO TB_ENDERECO(ID_ENDERECO, CEP, NUMERO, COMPLEMENTO) 
VALUES(1,'06413040','120', NULL); --FEITO

INSERT INTO TB_FUNCIONARIO(ID_FUNC, ID_FUNCAO, ID_ENDERECO, CPF, EMAIL, TELEFONE, ID_PESSOA) 
VALUES(1, 1, 1, '503648518-13', NULL, '(12)3456-7891', 1); --FEITO

INSERT INTO TB_PERGUNTASECRETA(ID_PERGUNTASECRETA, DESCRICAO, RESPOSTA) 
VALUES(1, ' 1+2+3 ','123'); --FEITO 

INSERT INTO TB_LOGIN(ID_LOGIN,ID_NIVELACESSO,ID_PERGUNTASECRETA,USUARIO,SENHA, DATAULTIMOACESSO, ID_PESSOA) 
VALUES(1, 1, 1, 'GERENTE', '123', GETDATE(), 1); --FEITO


--------------TIPO DE ASSENTO -FEITO
INSERT INTO TB_TIPO_ASSENTO (ID_TIPO_ASSENTO, TIPO_ASSENTO)
VALUES(1,'SIMPLES');

INSERT INTO TB_TIPO_ASSENTO (ID_TIPO_ASSENTO, TIPO_ASSENTO)
VALUES(2,'DUPLO');

INSERT INTO TB_TIPO_ASSENTO (ID_TIPO_ASSENTO, TIPO_ASSENTO)
VALUES(3,'ESPECIAL');


--------------TIPO DE LOG -FEITO
INSERT INTO TB_TIPO_LOG (ID_TIPO_LOG, TIPO_LOG)
VALUES(1,'ALTERAÇÃO');

INSERT INTO TB_TIPO_LOG (ID_TIPO_LOG, TIPO_LOG)
VALUES(2,'EXCLUSÃO');

INSERT INTO TB_TIPO_LOG (ID_TIPO_LOG, TIPO_LOG)
VALUES(3,'INSERÇÃO');

INSERT INTO TB_TIPO_LOG (ID_TIPO_LOG, TIPO_LOG)
VALUES(4,'LOGON');

INSERT INTO TB_TIPO_LOG (ID_TIPO_LOG, TIPO_LOG)
VALUES(5,'LOGOFF');


--------------TABELAS LOG -FEITO
INSERT INTO TB_TABELAS_LOG (ID_TABELA_LOG, TABELA)
VALUES(1,'ARTISTAS');

INSERT INTO TB_TABELAS_LOG (ID_TABELA_LOG, TABELA)
VALUES(2,'CLIENTES');

INSERT INTO TB_TABELAS_LOG (ID_TABELA_LOG, TABELA)
VALUES(3,'CONTAS');

INSERT INTO TB_TABELAS_LOG (ID_TABELA_LOG, TABELA)
VALUES(4,'DESCONTOS');

INSERT INTO TB_TABELAS_LOG (ID_TABELA_LOG, TABELA)
VALUES(5,'EMPRESÁRIOS');

INSERT INTO TB_TABELAS_LOG (ID_TABELA_LOG, TABELA)
VALUES(6,'EVENTOS');

INSERT INTO TB_TABELAS_LOG (ID_TABELA_LOG, TABELA)
VALUES(7,'FORMAS PAGS');

INSERT INTO TB_TABELAS_LOG (ID_TABELA_LOG, TABELA)
VALUES(8,'FUNÇÕES');

INSERT INTO TB_TABELAS_LOG (ID_TABELA_LOG, TABELA)
VALUES(9,'FUNCIONÁRIOS');

INSERT INTO TB_TABELAS_LOG (ID_TABELA_LOG, TABELA)
VALUES(10,'NOVIDADES');


--------------SETOR -FEITO
INSERT INTO TB_SETOR (ID_SETOR, SETOR)
VALUES(1,'OURO');

INSERT INTO TB_SETOR (ID_SETOR, SETOR)
VALUES(2,'PRATA');

INSERT INTO TB_SETOR (ID_SETOR, SETOR)
VALUES(3,'BRONZE');


--------------PESSOA -FEITO
INSERT INTO TB_PESSOA (ID_PESSOA, NOME, DATA_NASC, SEXO, ATIVO, ID_TIPO_PESSOA, DATA_CRIACAO) 
VALUES(0,'NAO IDENTIFICADO',NULL, 'INDEF', 0, 2, NULL);

------------PREÇOS -FEITO
INSERT INTO TB_PRECOS(ID_SETOR, ID_TIPO_ASSENTO, PERC)
VALUES(1,1,80);

INSERT INTO TB_PRECOS(ID_SETOR, ID_TIPO_ASSENTO, PERC)
VALUES(1,2,100);

INSERT INTO TB_PRECOS(ID_SETOR, ID_TIPO_ASSENTO, PERC)
VALUES(1,3,0);

INSERT INTO TB_PRECOS(ID_SETOR, ID_TIPO_ASSENTO, PERC)
VALUES(2,1,30);

INSERT INTO TB_PRECOS(ID_SETOR, ID_TIPO_ASSENTO, PERC)
VALUES(2,3,0);

INSERT INTO TB_PRECOS(ID_SETOR, ID_TIPO_ASSENTO, PERC)
VALUES(3,1,0);


--------------ASSENTOS -FEITO
INSERT INTO TB_ASSENTO (ID_ASSENTO, ASSENTO_NUMER, ASSENTO_FILEIRA, ID_TIPO_ASSENTO, ID_SETOR)
VALUES (NEXT VALUE FOR SQ_ASSENTO,  12, 'A', 3, 1);
INSERT INTO TB_ASSENTO (ID_ASSENTO, ASSENTO_NUMER, ASSENTO_FILEIRA, ID_TIPO_ASSENTO, ID_SETOR)
VALUES (NEXT VALUE FOR SQ_ASSENTO,  13, 'A', 3, 1);
INSERT INTO TB_ASSENTO (ID_ASSENTO, ASSENTO_NUMER, ASSENTO_FILEIRA, ID_TIPO_ASSENTO, ID_SETOR)
VALUES (NEXT VALUE FOR SQ_ASSENTO,  14, 'A', 3, 1);
INSERT INTO TB_ASSENTO (ID_ASSENTO, ASSENTO_NUMER, ASSENTO_FILEIRA, ID_TIPO_ASSENTO, ID_SETOR)
VALUES (NEXT VALUE FOR SQ_ASSENTO,  15, 'A', 3, 1);
INSERT INTO TB_ASSENTO (ID_ASSENTO, ASSENTO_NUMER, ASSENTO_FILEIRA, ID_TIPO_ASSENTO, ID_SETOR)
VALUES (NEXT VALUE FOR SQ_ASSENTO,  16, 'A', 3, 1);
INSERT INTO TB_ASSENTO (ID_ASSENTO, ASSENTO_NUMER, ASSENTO_FILEIRA, ID_TIPO_ASSENTO, ID_SETOR)
VALUES (NEXT VALUE FOR SQ_ASSENTO,  17, 'A', 3, 1); 

INSERT INTO TB_ASSENTO (ID_ASSENTO, ASSENTO_NUMER, ASSENTO_FILEIRA, ID_TIPO_ASSENTO, ID_SETOR)
VALUES (NEXT VALUE FOR SQ_ASSENTO, 1, 'B', 1, 1);
INSERT INTO TB_ASSENTO (ID_ASSENTO, ASSENTO_NUMER, ASSENTO_FILEIRA, ID_TIPO_ASSENTO, ID_SETOR)
VALUES (NEXT VALUE FOR SQ_ASSENTO, 2, 'B', 1, 1);
INSERT INTO TB_ASSENTO (ID_ASSENTO, ASSENTO_NUMER, ASSENTO_FILEIRA, ID_TIPO_ASSENTO, ID_SETOR)
VALUES (NEXT VALUE FOR SQ_ASSENTO, 3, 'B', 1, 1);
INSERT INTO TB_ASSENTO (ID_ASSENTO, ASSENTO_NUMER, ASSENTO_FILEIRA, ID_TIPO_ASSENTO, ID_SETOR)
VALUES (NEXT VALUE FOR SQ_ASSENTO, 4, 'B', 1, 1);
INSERT INTO TB_ASSENTO (ID_ASSENTO, ASSENTO_NUMER, ASSENTO_FILEIRA, ID_TIPO_ASSENTO, ID_SETOR)
VALUES (NEXT VALUE FOR SQ_ASSENTO, 5, 'B', 1, 1);                                                                                 
INSERT INTO TB_ASSENTO (ID_ASSENTO, ASSENTO_NUMER, ASSENTO_FILEIRA, ID_TIPO_ASSENTO, ID_SETOR)
VALUES (NEXT VALUE FOR SQ_ASSENTO, 6, 'B', 1, 1);                                                                                             
INSERT INTO TB_ASSENTO (ID_ASSENTO, ASSENTO_NUMER, ASSENTO_FILEIRA, ID_TIPO_ASSENTO, ID_SETOR)
VALUES (NEXT VALUE FOR SQ_ASSENTO, 7, 'B', 1, 1);                                                                                            
INSERT INTO TB_ASSENTO (ID_ASSENTO, ASSENTO_NUMER, ASSENTO_FILEIRA, ID_TIPO_ASSENTO, ID_SETOR)
VALUES (NEXT VALUE FOR SQ_ASSENTO, 8, 'B', 1, 1);                                                                                             
INSERT INTO TB_ASSENTO (ID_ASSENTO, ASSENTO_NUMER, ASSENTO_FILEIRA, ID_TIPO_ASSENTO, ID_SETOR)
VALUES (NEXT VALUE FOR SQ_ASSENTO, 9, 'B', 1, 1);                                                                                             
INSERT INTO TB_ASSENTO (ID_ASSENTO, ASSENTO_NUMER, ASSENTO_FILEIRA, ID_TIPO_ASSENTO, ID_SETOR)
VALUES (NEXT VALUE FOR SQ_ASSENTO, 10, 'B', 1, 1);
INSERT INTO TB_ASSENTO (ID_ASSENTO, ASSENTO_NUMER, ASSENTO_FILEIRA, ID_TIPO_ASSENTO, ID_SETOR)
VALUES (NEXT VALUE FOR SQ_ASSENTO, 11, 'B', 1, 1);
INSERT INTO TB_ASSENTO (ID_ASSENTO, ASSENTO_NUMER, ASSENTO_FILEIRA, ID_TIPO_ASSENTO, ID_SETOR)
VALUES (NEXT VALUE FOR SQ_ASSENTO, 12, 'B', 1, 1);
INSERT INTO TB_ASSENTO (ID_ASSENTO, ASSENTO_NUMER, ASSENTO_FILEIRA, ID_TIPO_ASSENTO, ID_SETOR)
VALUES (NEXT VALUE FOR SQ_ASSENTO, 13, 'B', 1, 1);
INSERT INTO TB_ASSENTO (ID_ASSENTO, ASSENTO_NUMER, ASSENTO_FILEIRA, ID_TIPO_ASSENTO, ID_SETOR)
VALUES (NEXT VALUE FOR SQ_ASSENTO, 14, 'B', 1, 1);
INSERT INTO TB_ASSENTO (ID_ASSENTO, ASSENTO_NUMER, ASSENTO_FILEIRA, ID_TIPO_ASSENTO, ID_SETOR)
VALUES (NEXT VALUE FOR SQ_ASSENTO, 15, 'B', 1, 1);
INSERT INTO TB_ASSENTO (ID_ASSENTO, ASSENTO_NUMER, ASSENTO_FILEIRA, ID_TIPO_ASSENTO, ID_SETOR)
VALUES (NEXT VALUE FOR SQ_ASSENTO, 16, 'B', 1, 1);
INSERT INTO TB_ASSENTO (ID_ASSENTO, ASSENTO_NUMER, ASSENTO_FILEIRA, ID_TIPO_ASSENTO, ID_SETOR)
VALUES (NEXT VALUE FOR SQ_ASSENTO, 17, 'B', 1, 1);
INSERT INTO TB_ASSENTO (ID_ASSENTO, ASSENTO_NUMER, ASSENTO_FILEIRA, ID_TIPO_ASSENTO, ID_SETOR)
VALUES (NEXT VALUE FOR SQ_ASSENTO, 18, 'B', 1, 1);
INSERT INTO TB_ASSENTO (ID_ASSENTO, ASSENTO_NUMER, ASSENTO_FILEIRA, ID_TIPO_ASSENTO, ID_SETOR)
VALUES (NEXT VALUE FOR SQ_ASSENTO, 19, 'B', 1, 1);
INSERT INTO TB_ASSENTO (ID_ASSENTO, ASSENTO_NUMER, ASSENTO_FILEIRA, ID_TIPO_ASSENTO, ID_SETOR)
VALUES (NEXT VALUE FOR SQ_ASSENTO, 20, 'B', 1, 1);
INSERT INTO TB_ASSENTO (ID_ASSENTO, ASSENTO_NUMER, ASSENTO_FILEIRA, ID_TIPO_ASSENTO, ID_SETOR)
VALUES (NEXT VALUE FOR SQ_ASSENTO, 21, 'B', 1, 1);
INSERT INTO TB_ASSENTO (ID_ASSENTO, ASSENTO_NUMER, ASSENTO_FILEIRA, ID_TIPO_ASSENTO, ID_SETOR)
VALUES (NEXT VALUE FOR SQ_ASSENTO, 22, 'B', 1, 1);
INSERT INTO TB_ASSENTO (ID_ASSENTO, ASSENTO_NUMER, ASSENTO_FILEIRA, ID_TIPO_ASSENTO, ID_SETOR)
VALUES (NEXT VALUE FOR SQ_ASSENTO, 23, 'B', 1, 1);
INSERT INTO TB_ASSENTO (ID_ASSENTO, ASSENTO_NUMER, ASSENTO_FILEIRA, ID_TIPO_ASSENTO, ID_SETOR)
VALUES (NEXT VALUE FOR SQ_ASSENTO, 24, 'B', 1, 1);
INSERT INTO TB_ASSENTO (ID_ASSENTO, ASSENTO_NUMER, ASSENTO_FILEIRA, ID_TIPO_ASSENTO, ID_SETOR)
VALUES (NEXT VALUE FOR SQ_ASSENTO, 25, 'B', 1, 1);
INSERT INTO TB_ASSENTO (ID_ASSENTO, ASSENTO_NUMER, ASSENTO_FILEIRA, ID_TIPO_ASSENTO, ID_SETOR)
VALUES (NEXT VALUE FOR SQ_ASSENTO, 26, 'B', 1, 1);
INSERT INTO TB_ASSENTO (ID_ASSENTO, ASSENTO_NUMER, ASSENTO_FILEIRA, ID_TIPO_ASSENTO, ID_SETOR)
VALUES (NEXT VALUE FOR SQ_ASSENTO, 27, 'B', 1, 1);
INSERT INTO TB_ASSENTO (ID_ASSENTO, ASSENTO_NUMER, ASSENTO_FILEIRA, ID_TIPO_ASSENTO, ID_SETOR)
VALUES (NEXT VALUE FOR SQ_ASSENTO, 28, 'B', 1, 1);                                                                                          
                                                                                         
INSERT INTO TB_ASSENTO (ID_ASSENTO, ASSENTO_NUMER, ASSENTO_FILEIRA, ID_TIPO_ASSENTO, ID_SETOR)
VALUES (NEXT VALUE FOR SQ_ASSENTO, '1e2', 'C', 2, 1);
INSERT INTO TB_ASSENTO (ID_ASSENTO, ASSENTO_NUMER, ASSENTO_FILEIRA, ID_TIPO_ASSENTO, ID_SETOR)
VALUES (NEXT VALUE FOR SQ_ASSENTO, '4e5', 'C', 2, 1);
INSERT INTO TB_ASSENTO (ID_ASSENTO, ASSENTO_NUMER, ASSENTO_FILEIRA, ID_TIPO_ASSENTO, ID_SETOR)
VALUES (NEXT VALUE FOR SQ_ASSENTO, '7e8', 'C', 2, 1);   
INSERT INTO TB_ASSENTO (ID_ASSENTO, ASSENTO_NUMER, ASSENTO_FILEIRA, ID_TIPO_ASSENTO, ID_SETOR)
VALUES (NEXT VALUE FOR SQ_ASSENTO, '10e11', 'C', 2, 1);                                                                                                
INSERT INTO TB_ASSENTO (ID_ASSENTO, ASSENTO_NUMER, ASSENTO_FILEIRA, ID_TIPO_ASSENTO, ID_SETOR)
VALUES (NEXT VALUE FOR SQ_ASSENTO, '13e14', 'C', 2, 1);
INSERT INTO TB_ASSENTO (ID_ASSENTO, ASSENTO_NUMER, ASSENTO_FILEIRA, ID_TIPO_ASSENTO, ID_SETOR)
VALUES (NEXT VALUE FOR SQ_ASSENTO, '15e16', 'C', 2, 1);
INSERT INTO TB_ASSENTO (ID_ASSENTO, ASSENTO_NUMER, ASSENTO_FILEIRA, ID_TIPO_ASSENTO, ID_SETOR)
VALUES (NEXT VALUE FOR SQ_ASSENTO, '18e19', 'C', 2, 1);
INSERT INTO TB_ASSENTO (ID_ASSENTO, ASSENTO_NUMER, ASSENTO_FILEIRA, ID_TIPO_ASSENTO, ID_SETOR)
VALUES (NEXT VALUE FOR SQ_ASSENTO, '21e22', 'C', 2, 1);   
INSERT INTO TB_ASSENTO (ID_ASSENTO, ASSENTO_NUMER, ASSENTO_FILEIRA, ID_TIPO_ASSENTO, ID_SETOR)
VALUES (NEXT VALUE FOR SQ_ASSENTO, '24e25', 'C', 2, 1);
INSERT INTO TB_ASSENTO (ID_ASSENTO, ASSENTO_NUMER, ASSENTO_FILEIRA, ID_TIPO_ASSENTO, ID_SETOR)
VALUES (NEXT VALUE FOR SQ_ASSENTO, '27e28', 'C', 2, 1); 
                                                                                            
INSERT INTO TB_ASSENTO (ID_ASSENTO, ASSENTO_NUMER, ASSENTO_FILEIRA, ID_TIPO_ASSENTO, ID_SETOR)
VALUES (NEXT VALUE FOR SQ_ASSENTO, 1, 'D', 1, 2);
INSERT INTO TB_ASSENTO (ID_ASSENTO, ASSENTO_NUMER, ASSENTO_FILEIRA, ID_TIPO_ASSENTO, ID_SETOR)
VALUES (NEXT VALUE FOR SQ_ASSENTO, 2, 'D', 1, 2);
INSERT INTO TB_ASSENTO (ID_ASSENTO, ASSENTO_NUMER, ASSENTO_FILEIRA, ID_TIPO_ASSENTO, ID_SETOR)
VALUES (NEXT VALUE FOR SQ_ASSENTO, 3, 'D', 1, 2);
INSERT INTO TB_ASSENTO (ID_ASSENTO, ASSENTO_NUMER, ASSENTO_FILEIRA, ID_TIPO_ASSENTO, ID_SETOR)
VALUES (NEXT VALUE FOR SQ_ASSENTO, 4, 'D', 1, 2);
INSERT INTO TB_ASSENTO (ID_ASSENTO, ASSENTO_NUMER, ASSENTO_FILEIRA, ID_TIPO_ASSENTO, ID_SETOR)
VALUES (NEXT VALUE FOR SQ_ASSENTO, 5, 'D', 1, 2);
INSERT INTO TB_ASSENTO (ID_ASSENTO, ASSENTO_NUMER, ASSENTO_FILEIRA, ID_TIPO_ASSENTO, ID_SETOR)
VALUES (NEXT VALUE FOR SQ_ASSENTO, 6, 'D', 1, 2);
INSERT INTO TB_ASSENTO (ID_ASSENTO, ASSENTO_NUMER, ASSENTO_FILEIRA, ID_TIPO_ASSENTO, ID_SETOR)
VALUES (NEXT VALUE FOR SQ_ASSENTO, 7, 'D', 1, 2);
INSERT INTO TB_ASSENTO (ID_ASSENTO, ASSENTO_NUMER, ASSENTO_FILEIRA, ID_TIPO_ASSENTO, ID_SETOR)
VALUES (NEXT VALUE FOR SQ_ASSENTO, 8, 'D', 1, 2);
INSERT INTO TB_ASSENTO (ID_ASSENTO, ASSENTO_NUMER, ASSENTO_FILEIRA, ID_TIPO_ASSENTO, ID_SETOR)
VALUES (NEXT VALUE FOR SQ_ASSENTO, 9, 'D', 1, 2);
INSERT INTO TB_ASSENTO (ID_ASSENTO, ASSENTO_NUMER, ASSENTO_FILEIRA, ID_TIPO_ASSENTO, ID_SETOR)
VALUES (NEXT VALUE FOR SQ_ASSENTO, 10, 'D', 1, 2);
INSERT INTO TB_ASSENTO (ID_ASSENTO, ASSENTO_NUMER, ASSENTO_FILEIRA, ID_TIPO_ASSENTO, ID_SETOR)
VALUES (NEXT VALUE FOR SQ_ASSENTO, 11, 'D', 1, 2);
INSERT INTO TB_ASSENTO (ID_ASSENTO, ASSENTO_NUMER, ASSENTO_FILEIRA, ID_TIPO_ASSENTO, ID_SETOR)
VALUES (NEXT VALUE FOR SQ_ASSENTO, 12, 'D', 1, 2);
INSERT INTO TB_ASSENTO (ID_ASSENTO, ASSENTO_NUMER, ASSENTO_FILEIRA, ID_TIPO_ASSENTO, ID_SETOR)
VALUES (NEXT VALUE FOR SQ_ASSENTO, 13, 'D', 1, 2);
INSERT INTO TB_ASSENTO (ID_ASSENTO, ASSENTO_NUMER, ASSENTO_FILEIRA, ID_TIPO_ASSENTO, ID_SETOR)
VALUES (NEXT VALUE FOR SQ_ASSENTO, 14, 'D', 1, 2);
INSERT INTO TB_ASSENTO (ID_ASSENTO, ASSENTO_NUMER, ASSENTO_FILEIRA, ID_TIPO_ASSENTO, ID_SETOR)
VALUES (NEXT VALUE FOR SQ_ASSENTO, 15, 'D', 1, 2);
INSERT INTO TB_ASSENTO (ID_ASSENTO, ASSENTO_NUMER, ASSENTO_FILEIRA, ID_TIPO_ASSENTO, ID_SETOR)
VALUES (NEXT VALUE FOR SQ_ASSENTO, 16, 'D', 1, 2);
INSERT INTO TB_ASSENTO (ID_ASSENTO, ASSENTO_NUMER, ASSENTO_FILEIRA, ID_TIPO_ASSENTO, ID_SETOR)
VALUES (NEXT VALUE FOR SQ_ASSENTO, 17, 'D', 1, 2);
INSERT INTO TB_ASSENTO (ID_ASSENTO, ASSENTO_NUMER, ASSENTO_FILEIRA, ID_TIPO_ASSENTO, ID_SETOR)
VALUES (NEXT VALUE FOR SQ_ASSENTO, 18, 'D', 1, 2);
INSERT INTO TB_ASSENTO (ID_ASSENTO, ASSENTO_NUMER, ASSENTO_FILEIRA, ID_TIPO_ASSENTO, ID_SETOR)
VALUES (NEXT VALUE FOR SQ_ASSENTO, 19, 'D', 1, 2);
INSERT INTO TB_ASSENTO (ID_ASSENTO, ASSENTO_NUMER, ASSENTO_FILEIRA, ID_TIPO_ASSENTO, ID_SETOR)
VALUES (NEXT VALUE FOR SQ_ASSENTO, 20, 'D', 1, 2);
INSERT INTO TB_ASSENTO (ID_ASSENTO, ASSENTO_NUMER, ASSENTO_FILEIRA, ID_TIPO_ASSENTO, ID_SETOR)
VALUES (NEXT VALUE FOR SQ_ASSENTO, 21, 'D', 1, 2);
INSERT INTO TB_ASSENTO (ID_ASSENTO, ASSENTO_NUMER, ASSENTO_FILEIRA, ID_TIPO_ASSENTO, ID_SETOR)
VALUES (NEXT VALUE FOR SQ_ASSENTO, 22, 'D', 1, 2);
INSERT INTO TB_ASSENTO (ID_ASSENTO, ASSENTO_NUMER, ASSENTO_FILEIRA, ID_TIPO_ASSENTO, ID_SETOR)
VALUES (NEXT VALUE FOR SQ_ASSENTO, 23, 'D', 1, 2);
INSERT INTO TB_ASSENTO (ID_ASSENTO, ASSENTO_NUMER, ASSENTO_FILEIRA, ID_TIPO_ASSENTO, ID_SETOR)
VALUES (NEXT VALUE FOR SQ_ASSENTO, 24, 'D', 1, 2);
INSERT INTO TB_ASSENTO (ID_ASSENTO, ASSENTO_NUMER, ASSENTO_FILEIRA, ID_TIPO_ASSENTO, ID_SETOR)
VALUES (NEXT VALUE FOR SQ_ASSENTO, 25, 'D', 1, 2);
INSERT INTO TB_ASSENTO (ID_ASSENTO, ASSENTO_NUMER, ASSENTO_FILEIRA, ID_TIPO_ASSENTO, ID_SETOR)
VALUES (NEXT VALUE FOR SQ_ASSENTO, 26, 'D', 1, 2);
INSERT INTO TB_ASSENTO (ID_ASSENTO, ASSENTO_NUMER, ASSENTO_FILEIRA, ID_TIPO_ASSENTO, ID_SETOR)
VALUES (NEXT VALUE FOR SQ_ASSENTO, 27, 'D', 1, 2);
INSERT INTO TB_ASSENTO (ID_ASSENTO, ASSENTO_NUMER, ASSENTO_FILEIRA, ID_TIPO_ASSENTO, ID_SETOR)
VALUES (NEXT VALUE FOR SQ_ASSENTO, 28, 'D', 1, 2);
                                                                                                                                                                                         
INSERT INTO TB_ASSENTO (ID_ASSENTO, ASSENTO_NUMER, ASSENTO_FILEIRA, ID_TIPO_ASSENTO, ID_SETOR)
VALUES (NEXT VALUE FOR SQ_ASSENTO, 1, 'E', 1, 2);
INSERT INTO TB_ASSENTO (ID_ASSENTO, ASSENTO_NUMER, ASSENTO_FILEIRA, ID_TIPO_ASSENTO, ID_SETOR)
VALUES (NEXT VALUE FOR SQ_ASSENTO, 2, 'E', 1, 2);
INSERT INTO TB_ASSENTO (ID_ASSENTO, ASSENTO_NUMER, ASSENTO_FILEIRA, ID_TIPO_ASSENTO, ID_SETOR)
VALUES (NEXT VALUE FOR SQ_ASSENTO, 3, 'E', 1, 2);
INSERT INTO TB_ASSENTO (ID_ASSENTO, ASSENTO_NUMER, ASSENTO_FILEIRA, ID_TIPO_ASSENTO, ID_SETOR)
VALUES (NEXT VALUE FOR SQ_ASSENTO, 4, 'E', 1, 2);
INSERT INTO TB_ASSENTO (ID_ASSENTO, ASSENTO_NUMER, ASSENTO_FILEIRA, ID_TIPO_ASSENTO, ID_SETOR)
VALUES (NEXT VALUE FOR SQ_ASSENTO, 5, 'E', 1, 2);
INSERT INTO TB_ASSENTO (ID_ASSENTO, ASSENTO_NUMER, ASSENTO_FILEIRA, ID_TIPO_ASSENTO, ID_SETOR)
VALUES (NEXT VALUE FOR SQ_ASSENTO, 6, 'E', 1, 2);
INSERT INTO TB_ASSENTO (ID_ASSENTO, ASSENTO_NUMER, ASSENTO_FILEIRA, ID_TIPO_ASSENTO, ID_SETOR)
VALUES (NEXT VALUE FOR SQ_ASSENTO, 7, 'E', 1, 2);
INSERT INTO TB_ASSENTO (ID_ASSENTO, ASSENTO_NUMER, ASSENTO_FILEIRA, ID_TIPO_ASSENTO, ID_SETOR)
VALUES (NEXT VALUE FOR SQ_ASSENTO, 8, 'E', 1, 2);
INSERT INTO TB_ASSENTO (ID_ASSENTO, ASSENTO_NUMER, ASSENTO_FILEIRA, ID_TIPO_ASSENTO, ID_SETOR)
VALUES (NEXT VALUE FOR SQ_ASSENTO, 9, 'E', 1, 2);
INSERT INTO TB_ASSENTO (ID_ASSENTO, ASSENTO_NUMER, ASSENTO_FILEIRA, ID_TIPO_ASSENTO, ID_SETOR)
VALUES (NEXT VALUE FOR SQ_ASSENTO, 10, 'E', 1, 2);
INSERT INTO TB_ASSENTO (ID_ASSENTO, ASSENTO_NUMER, ASSENTO_FILEIRA, ID_TIPO_ASSENTO, ID_SETOR)
VALUES (NEXT VALUE FOR SQ_ASSENTO, 11, 'E', 1, 2);
INSERT INTO TB_ASSENTO (ID_ASSENTO, ASSENTO_NUMER, ASSENTO_FILEIRA, ID_TIPO_ASSENTO, ID_SETOR)
VALUES (NEXT VALUE FOR SQ_ASSENTO, 12, 'E', 3, 2);
INSERT INTO TB_ASSENTO (ID_ASSENTO, ASSENTO_NUMER, ASSENTO_FILEIRA, ID_TIPO_ASSENTO, ID_SETOR)
VALUES (NEXT VALUE FOR SQ_ASSENTO, 13, 'E', 3, 2);
INSERT INTO TB_ASSENTO (ID_ASSENTO, ASSENTO_NUMER, ASSENTO_FILEIRA, ID_TIPO_ASSENTO, ID_SETOR)
VALUES (NEXT VALUE FOR SQ_ASSENTO, 14, 'E', 3, 2);
INSERT INTO TB_ASSENTO (ID_ASSENTO, ASSENTO_NUMER, ASSENTO_FILEIRA, ID_TIPO_ASSENTO, ID_SETOR)
VALUES (NEXT VALUE FOR SQ_ASSENTO, 15, 'E', 3, 2);
INSERT INTO TB_ASSENTO (ID_ASSENTO, ASSENTO_NUMER, ASSENTO_FILEIRA, ID_TIPO_ASSENTO, ID_SETOR)
VALUES (NEXT VALUE FOR SQ_ASSENTO, 16, 'E', 3, 2);
INSERT INTO TB_ASSENTO (ID_ASSENTO, ASSENTO_NUMER, ASSENTO_FILEIRA, ID_TIPO_ASSENTO, ID_SETOR)
VALUES (NEXT VALUE FOR SQ_ASSENTO, 17, 'E', 3, 2);
INSERT INTO TB_ASSENTO (ID_ASSENTO, ASSENTO_NUMER, ASSENTO_FILEIRA, ID_TIPO_ASSENTO, ID_SETOR)
VALUES (NEXT VALUE FOR SQ_ASSENTO, 18, 'E', 1, 2);
INSERT INTO TB_ASSENTO (ID_ASSENTO, ASSENTO_NUMER, ASSENTO_FILEIRA, ID_TIPO_ASSENTO, ID_SETOR)
VALUES (NEXT VALUE FOR SQ_ASSENTO, 19, 'E', 1, 2);
INSERT INTO TB_ASSENTO (ID_ASSENTO, ASSENTO_NUMER, ASSENTO_FILEIRA, ID_TIPO_ASSENTO, ID_SETOR)
VALUES (NEXT VALUE FOR SQ_ASSENTO, 20, 'E', 1, 2);
INSERT INTO TB_ASSENTO (ID_ASSENTO, ASSENTO_NUMER, ASSENTO_FILEIRA, ID_TIPO_ASSENTO, ID_SETOR)
VALUES (NEXT VALUE FOR SQ_ASSENTO, 21, 'E', 1, 2);
INSERT INTO TB_ASSENTO (ID_ASSENTO, ASSENTO_NUMER, ASSENTO_FILEIRA, ID_TIPO_ASSENTO, ID_SETOR)
VALUES (NEXT VALUE FOR SQ_ASSENTO, 22, 'E', 1, 2);
INSERT INTO TB_ASSENTO (ID_ASSENTO, ASSENTO_NUMER, ASSENTO_FILEIRA, ID_TIPO_ASSENTO, ID_SETOR)
VALUES (NEXT VALUE FOR SQ_ASSENTO, 23, 'E', 1, 2);
INSERT INTO TB_ASSENTO (ID_ASSENTO, ASSENTO_NUMER, ASSENTO_FILEIRA, ID_TIPO_ASSENTO, ID_SETOR)
VALUES (NEXT VALUE FOR SQ_ASSENTO, 24, 'E', 1, 2);
INSERT INTO TB_ASSENTO (ID_ASSENTO, ASSENTO_NUMER, ASSENTO_FILEIRA, ID_TIPO_ASSENTO, ID_SETOR)
VALUES (NEXT VALUE FOR SQ_ASSENTO, 25, 'E', 1, 2);
INSERT INTO TB_ASSENTO (ID_ASSENTO, ASSENTO_NUMER, ASSENTO_FILEIRA, ID_TIPO_ASSENTO, ID_SETOR)
VALUES (NEXT VALUE FOR SQ_ASSENTO, 26, 'E', 1, 2);
INSERT INTO TB_ASSENTO (ID_ASSENTO, ASSENTO_NUMER, ASSENTO_FILEIRA, ID_TIPO_ASSENTO, ID_SETOR)
VALUES (NEXT VALUE FOR SQ_ASSENTO, 27, 'E', 1, 2);
INSERT INTO TB_ASSENTO (ID_ASSENTO, ASSENTO_NUMER, ASSENTO_FILEIRA, ID_TIPO_ASSENTO, ID_SETOR)
VALUES (NEXT VALUE FOR SQ_ASSENTO, 28, 'E', 1, 2);

INSERT INTO TB_ASSENTO (ID_ASSENTO, ASSENTO_NUMER, ASSENTO_FILEIRA, ID_TIPO_ASSENTO, ID_SETOR)
VALUES (NEXT VALUE FOR SQ_ASSENTO, 1, 'F', 1, 3);
INSERT INTO TB_ASSENTO (ID_ASSENTO, ASSENTO_NUMER, ASSENTO_FILEIRA, ID_TIPO_ASSENTO, ID_SETOR)
VALUES (NEXT VALUE FOR SQ_ASSENTO, 2, 'F', 1, 3);
INSERT INTO TB_ASSENTO (ID_ASSENTO, ASSENTO_NUMER, ASSENTO_FILEIRA, ID_TIPO_ASSENTO, ID_SETOR)
VALUES (NEXT VALUE FOR SQ_ASSENTO, 3, 'F', 1, 3);
INSERT INTO TB_ASSENTO (ID_ASSENTO, ASSENTO_NUMER, ASSENTO_FILEIRA, ID_TIPO_ASSENTO, ID_SETOR)
VALUES (NEXT VALUE FOR SQ_ASSENTO, 4, 'F', 1, 3);
INSERT INTO TB_ASSENTO (ID_ASSENTO, ASSENTO_NUMER, ASSENTO_FILEIRA, ID_TIPO_ASSENTO, ID_SETOR)
VALUES (NEXT VALUE FOR SQ_ASSENTO, 5, 'F', 1, 3);
INSERT INTO TB_ASSENTO (ID_ASSENTO, ASSENTO_NUMER, ASSENTO_FILEIRA, ID_TIPO_ASSENTO, ID_SETOR)
VALUES (NEXT VALUE FOR SQ_ASSENTO, 6, 'F', 1, 3);
INSERT INTO TB_ASSENTO (ID_ASSENTO, ASSENTO_NUMER, ASSENTO_FILEIRA, ID_TIPO_ASSENTO, ID_SETOR)
VALUES (NEXT VALUE FOR SQ_ASSENTO, 7, 'F', 1, 3);
INSERT INTO TB_ASSENTO (ID_ASSENTO, ASSENTO_NUMER, ASSENTO_FILEIRA, ID_TIPO_ASSENTO, ID_SETOR)
VALUES (NEXT VALUE FOR SQ_ASSENTO, 8, 'F', 1, 3);
INSERT INTO TB_ASSENTO (ID_ASSENTO, ASSENTO_NUMER, ASSENTO_FILEIRA, ID_TIPO_ASSENTO, ID_SETOR)
VALUES (NEXT VALUE FOR SQ_ASSENTO, 9, 'F', 1, 3);
INSERT INTO TB_ASSENTO (ID_ASSENTO, ASSENTO_NUMER, ASSENTO_FILEIRA, ID_TIPO_ASSENTO, ID_SETOR)
VALUES (NEXT VALUE FOR SQ_ASSENTO, 10, 'F', 1, 3);
INSERT INTO TB_ASSENTO (ID_ASSENTO, ASSENTO_NUMER, ASSENTO_FILEIRA, ID_TIPO_ASSENTO, ID_SETOR)
VALUES (NEXT VALUE FOR SQ_ASSENTO, 11, 'F', 1, 3);
INSERT INTO TB_ASSENTO (ID_ASSENTO, ASSENTO_NUMER, ASSENTO_FILEIRA, ID_TIPO_ASSENTO, ID_SETOR)
VALUES (NEXT VALUE FOR SQ_ASSENTO, 12, 'F', 1, 3);
INSERT INTO TB_ASSENTO (ID_ASSENTO, ASSENTO_NUMER, ASSENTO_FILEIRA, ID_TIPO_ASSENTO, ID_SETOR)
VALUES (NEXT VALUE FOR SQ_ASSENTO, 13, 'F', 1, 3);
INSERT INTO TB_ASSENTO (ID_ASSENTO, ASSENTO_NUMER, ASSENTO_FILEIRA, ID_TIPO_ASSENTO, ID_SETOR)
VALUES (NEXT VALUE FOR SQ_ASSENTO, 14, 'F', 1, 3);
INSERT INTO TB_ASSENTO (ID_ASSENTO, ASSENTO_NUMER, ASSENTO_FILEIRA, ID_TIPO_ASSENTO, ID_SETOR)
VALUES (NEXT VALUE FOR SQ_ASSENTO, 15, 'F', 1, 3);
INSERT INTO TB_ASSENTO (ID_ASSENTO, ASSENTO_NUMER, ASSENTO_FILEIRA, ID_TIPO_ASSENTO, ID_SETOR)
VALUES (NEXT VALUE FOR SQ_ASSENTO, 16, 'F', 1, 3);
INSERT INTO TB_ASSENTO (ID_ASSENTO, ASSENTO_NUMER, ASSENTO_FILEIRA, ID_TIPO_ASSENTO, ID_SETOR)
VALUES (NEXT VALUE FOR SQ_ASSENTO, 17, 'F', 1, 3);
INSERT INTO TB_ASSENTO (ID_ASSENTO, ASSENTO_NUMER, ASSENTO_FILEIRA, ID_TIPO_ASSENTO, ID_SETOR)
VALUES (NEXT VALUE FOR SQ_ASSENTO, 18, 'F', 1, 3);
INSERT INTO TB_ASSENTO (ID_ASSENTO, ASSENTO_NUMER, ASSENTO_FILEIRA, ID_TIPO_ASSENTO, ID_SETOR)
VALUES (NEXT VALUE FOR SQ_ASSENTO, 19, 'F', 1, 3);
INSERT INTO TB_ASSENTO (ID_ASSENTO, ASSENTO_NUMER, ASSENTO_FILEIRA, ID_TIPO_ASSENTO, ID_SETOR)
VALUES (NEXT VALUE FOR SQ_ASSENTO, 20, 'F', 1, 3);
INSERT INTO TB_ASSENTO (ID_ASSENTO, ASSENTO_NUMER, ASSENTO_FILEIRA, ID_TIPO_ASSENTO, ID_SETOR)
VALUES (NEXT VALUE FOR SQ_ASSENTO, 21, 'F', 1, 3);
INSERT INTO TB_ASSENTO (ID_ASSENTO, ASSENTO_NUMER, ASSENTO_FILEIRA, ID_TIPO_ASSENTO, ID_SETOR)
VALUES (NEXT VALUE FOR SQ_ASSENTO, 22, 'F', 1, 3);
INSERT INTO TB_ASSENTO (ID_ASSENTO, ASSENTO_NUMER, ASSENTO_FILEIRA, ID_TIPO_ASSENTO, ID_SETOR)
VALUES (NEXT VALUE FOR SQ_ASSENTO, 23, 'F', 1, 3);
INSERT INTO TB_ASSENTO (ID_ASSENTO, ASSENTO_NUMER, ASSENTO_FILEIRA, ID_TIPO_ASSENTO, ID_SETOR)
VALUES (NEXT VALUE FOR SQ_ASSENTO, 24, 'F', 1, 3);
INSERT INTO TB_ASSENTO (ID_ASSENTO, ASSENTO_NUMER, ASSENTO_FILEIRA, ID_TIPO_ASSENTO, ID_SETOR)
VALUES (NEXT VALUE FOR SQ_ASSENTO, 25, 'F', 1, 3);
INSERT INTO TB_ASSENTO (ID_ASSENTO, ASSENTO_NUMER, ASSENTO_FILEIRA, ID_TIPO_ASSENTO, ID_SETOR)
VALUES (NEXT VALUE FOR SQ_ASSENTO, 26, 'F', 1, 3);
INSERT INTO TB_ASSENTO (ID_ASSENTO, ASSENTO_NUMER, ASSENTO_FILEIRA, ID_TIPO_ASSENTO, ID_SETOR)
VALUES (NEXT VALUE FOR SQ_ASSENTO, 27, 'F', 1, 3);
INSERT INTO TB_ASSENTO (ID_ASSENTO, ASSENTO_NUMER, ASSENTO_FILEIRA, ID_TIPO_ASSENTO, ID_SETOR)
VALUES (NEXT VALUE FOR SQ_ASSENTO, 28, 'F', 1, 3);

INSERT INTO TB_ASSENTO (ID_ASSENTO, ASSENTO_NUMER, ASSENTO_FILEIRA, ID_TIPO_ASSENTO, ID_SETOR)
VALUES (NEXT VALUE FOR SQ_ASSENTO, 1, 'G', 1, 3);
INSERT INTO TB_ASSENTO (ID_ASSENTO, ASSENTO_NUMER, ASSENTO_FILEIRA, ID_TIPO_ASSENTO, ID_SETOR)
VALUES (NEXT VALUE FOR SQ_ASSENTO, 2, 'G', 1, 3);
INSERT INTO TB_ASSENTO (ID_ASSENTO, ASSENTO_NUMER, ASSENTO_FILEIRA, ID_TIPO_ASSENTO, ID_SETOR)
VALUES (NEXT VALUE FOR SQ_ASSENTO, 3, 'G', 1, 3);
INSERT INTO TB_ASSENTO (ID_ASSENTO, ASSENTO_NUMER, ASSENTO_FILEIRA, ID_TIPO_ASSENTO, ID_SETOR)
VALUES (NEXT VALUE FOR SQ_ASSENTO, 4, 'G', 1, 3);
INSERT INTO TB_ASSENTO (ID_ASSENTO, ASSENTO_NUMER, ASSENTO_FILEIRA, ID_TIPO_ASSENTO, ID_SETOR)
VALUES (NEXT VALUE FOR SQ_ASSENTO, 5, 'G', 1, 3);
INSERT INTO TB_ASSENTO (ID_ASSENTO, ASSENTO_NUMER, ASSENTO_FILEIRA, ID_TIPO_ASSENTO, ID_SETOR)
VALUES (NEXT VALUE FOR SQ_ASSENTO, 6, 'G', 1, 3);
INSERT INTO TB_ASSENTO (ID_ASSENTO, ASSENTO_NUMER, ASSENTO_FILEIRA, ID_TIPO_ASSENTO, ID_SETOR)
VALUES (NEXT VALUE FOR SQ_ASSENTO, 7, 'G', 1, 3);
INSERT INTO TB_ASSENTO (ID_ASSENTO, ASSENTO_NUMER, ASSENTO_FILEIRA, ID_TIPO_ASSENTO, ID_SETOR)
VALUES (NEXT VALUE FOR SQ_ASSENTO, 8, 'G', 1, 3);
INSERT INTO TB_ASSENTO (ID_ASSENTO, ASSENTO_NUMER, ASSENTO_FILEIRA, ID_TIPO_ASSENTO, ID_SETOR)
VALUES (NEXT VALUE FOR SQ_ASSENTO, 9, 'G', 1, 3);
INSERT INTO TB_ASSENTO (ID_ASSENTO, ASSENTO_NUMER, ASSENTO_FILEIRA, ID_TIPO_ASSENTO, ID_SETOR)
VALUES (NEXT VALUE FOR SQ_ASSENTO, 10, 'G', 1, 3);
INSERT INTO TB_ASSENTO (ID_ASSENTO, ASSENTO_NUMER, ASSENTO_FILEIRA, ID_TIPO_ASSENTO, ID_SETOR)
VALUES (NEXT VALUE FOR SQ_ASSENTO, 11, 'G', 1, 3);
INSERT INTO TB_ASSENTO (ID_ASSENTO, ASSENTO_NUMER, ASSENTO_FILEIRA, ID_TIPO_ASSENTO, ID_SETOR)
VALUES (NEXT VALUE FOR SQ_ASSENTO, 12, 'G', 1, 3);
INSERT INTO TB_ASSENTO (ID_ASSENTO, ASSENTO_NUMER, ASSENTO_FILEIRA, ID_TIPO_ASSENTO, ID_SETOR)
VALUES (NEXT VALUE FOR SQ_ASSENTO, 13, 'G', 1, 3);
INSERT INTO TB_ASSENTO (ID_ASSENTO, ASSENTO_NUMER, ASSENTO_FILEIRA, ID_TIPO_ASSENTO, ID_SETOR)
VALUES (NEXT VALUE FOR SQ_ASSENTO, 14, 'G', 1, 3);
INSERT INTO TB_ASSENTO (ID_ASSENTO, ASSENTO_NUMER, ASSENTO_FILEIRA, ID_TIPO_ASSENTO, ID_SETOR)
VALUES (NEXT VALUE FOR SQ_ASSENTO, 15, 'G', 1, 3);
INSERT INTO TB_ASSENTO (ID_ASSENTO, ASSENTO_NUMER, ASSENTO_FILEIRA, ID_TIPO_ASSENTO, ID_SETOR)
VALUES (NEXT VALUE FOR SQ_ASSENTO, 16, 'G', 1, 3);
INSERT INTO TB_ASSENTO (ID_ASSENTO, ASSENTO_NUMER, ASSENTO_FILEIRA, ID_TIPO_ASSENTO, ID_SETOR)
VALUES (NEXT VALUE FOR SQ_ASSENTO, 17, 'G', 1, 3);
INSERT INTO TB_ASSENTO (ID_ASSENTO, ASSENTO_NUMER, ASSENTO_FILEIRA, ID_TIPO_ASSENTO, ID_SETOR)
VALUES (NEXT VALUE FOR SQ_ASSENTO, 18, 'G', 1, 3);
INSERT INTO TB_ASSENTO (ID_ASSENTO, ASSENTO_NUMER, ASSENTO_FILEIRA, ID_TIPO_ASSENTO, ID_SETOR)
VALUES (NEXT VALUE FOR SQ_ASSENTO, 19, 'G', 1, 3);
INSERT INTO TB_ASSENTO (ID_ASSENTO, ASSENTO_NUMER, ASSENTO_FILEIRA, ID_TIPO_ASSENTO, ID_SETOR)
VALUES (NEXT VALUE FOR SQ_ASSENTO, 20, 'G', 1, 3);
INSERT INTO TB_ASSENTO (ID_ASSENTO, ASSENTO_NUMER, ASSENTO_FILEIRA, ID_TIPO_ASSENTO, ID_SETOR)
VALUES (NEXT VALUE FOR SQ_ASSENTO, 21, 'G', 1, 3);
INSERT INTO TB_ASSENTO (ID_ASSENTO, ASSENTO_NUMER, ASSENTO_FILEIRA, ID_TIPO_ASSENTO, ID_SETOR)
VALUES (NEXT VALUE FOR SQ_ASSENTO, 22, 'G', 1, 3);
INSERT INTO TB_ASSENTO (ID_ASSENTO, ASSENTO_NUMER, ASSENTO_FILEIRA, ID_TIPO_ASSENTO, ID_SETOR)
VALUES (NEXT VALUE FOR SQ_ASSENTO, 23, 'G', 1, 3);
INSERT INTO TB_ASSENTO (ID_ASSENTO, ASSENTO_NUMER, ASSENTO_FILEIRA, ID_TIPO_ASSENTO, ID_SETOR)
VALUES (NEXT VALUE FOR SQ_ASSENTO, 24, 'G', 1, 3);
INSERT INTO TB_ASSENTO (ID_ASSENTO, ASSENTO_NUMER, ASSENTO_FILEIRA, ID_TIPO_ASSENTO, ID_SETOR)
VALUES (NEXT VALUE FOR SQ_ASSENTO, 25, 'G', 1, 3);
INSERT INTO TB_ASSENTO (ID_ASSENTO, ASSENTO_NUMER, ASSENTO_FILEIRA, ID_TIPO_ASSENTO, ID_SETOR)
VALUES (NEXT VALUE FOR SQ_ASSENTO, 26, 'G', 1, 3);
INSERT INTO TB_ASSENTO (ID_ASSENTO, ASSENTO_NUMER, ASSENTO_FILEIRA, ID_TIPO_ASSENTO, ID_SETOR)
VALUES (NEXT VALUE FOR SQ_ASSENTO, 27, 'G', 1, 3);
INSERT INTO TB_ASSENTO (ID_ASSENTO, ASSENTO_NUMER, ASSENTO_FILEIRA, ID_TIPO_ASSENTO, ID_SETOR)
VALUES (NEXT VALUE FOR SQ_ASSENTO, 28, 'G', 1, 3);

INSERT INTO TB_ASSENTO (ID_ASSENTO, ASSENTO_NUMER, ASSENTO_FILEIRA, ID_TIPO_ASSENTO, ID_SETOR)
VALUES (NEXT VALUE FOR SQ_ASSENTO, 8, 'H', 1, 3);
INSERT INTO TB_ASSENTO (ID_ASSENTO, ASSENTO_NUMER, ASSENTO_FILEIRA, ID_TIPO_ASSENTO, ID_SETOR)
VALUES (NEXT VALUE FOR SQ_ASSENTO, 9, 'H', 1, 3);
INSERT INTO TB_ASSENTO (ID_ASSENTO, ASSENTO_NUMER, ASSENTO_FILEIRA, ID_TIPO_ASSENTO, ID_SETOR)
VALUES (NEXT VALUE FOR SQ_ASSENTO, 10, 'H', 1, 3);
INSERT INTO TB_ASSENTO (ID_ASSENTO, ASSENTO_NUMER, ASSENTO_FILEIRA, ID_TIPO_ASSENTO, ID_SETOR)
VALUES (NEXT VALUE FOR SQ_ASSENTO, 11, 'H', 1, 3);
INSERT INTO TB_ASSENTO (ID_ASSENTO, ASSENTO_NUMER, ASSENTO_FILEIRA, ID_TIPO_ASSENTO, ID_SETOR)
VALUES (NEXT VALUE FOR SQ_ASSENTO, 12, 'H', 1, 3);
INSERT INTO TB_ASSENTO (ID_ASSENTO, ASSENTO_NUMER, ASSENTO_FILEIRA, ID_TIPO_ASSENTO, ID_SETOR)
VALUES (NEXT VALUE FOR SQ_ASSENTO, 13, 'H', 1, 3);
INSERT INTO TB_ASSENTO (ID_ASSENTO, ASSENTO_NUMER, ASSENTO_FILEIRA, ID_TIPO_ASSENTO, ID_SETOR)
VALUES (NEXT VALUE FOR SQ_ASSENTO, 14, 'H', 1, 3);
INSERT INTO TB_ASSENTO (ID_ASSENTO, ASSENTO_NUMER, ASSENTO_FILEIRA, ID_TIPO_ASSENTO, ID_SETOR)
VALUES (NEXT VALUE FOR SQ_ASSENTO, 15, 'H', 1, 3);
INSERT INTO TB_ASSENTO (ID_ASSENTO, ASSENTO_NUMER, ASSENTO_FILEIRA, ID_TIPO_ASSENTO, ID_SETOR)
VALUES (NEXT VALUE FOR SQ_ASSENTO, 16, 'H', 1, 3);
INSERT INTO TB_ASSENTO (ID_ASSENTO, ASSENTO_NUMER, ASSENTO_FILEIRA, ID_TIPO_ASSENTO, ID_SETOR)
VALUES (NEXT VALUE FOR SQ_ASSENTO, 17, 'H', 1, 3);
INSERT INTO TB_ASSENTO (ID_ASSENTO, ASSENTO_NUMER, ASSENTO_FILEIRA, ID_TIPO_ASSENTO, ID_SETOR)
VALUES (NEXT VALUE FOR SQ_ASSENTO, 18, 'H', 1, 3);
INSERT INTO TB_ASSENTO (ID_ASSENTO, ASSENTO_NUMER, ASSENTO_FILEIRA, ID_TIPO_ASSENTO, ID_SETOR)
VALUES (NEXT VALUE FOR SQ_ASSENTO, 19, 'H', 1, 3);
INSERT INTO TB_ASSENTO (ID_ASSENTO, ASSENTO_NUMER, ASSENTO_FILEIRA, ID_TIPO_ASSENTO, ID_SETOR)
VALUES (NEXT VALUE FOR SQ_ASSENTO, 20, 'H', 1, 3);
INSERT INTO TB_ASSENTO (ID_ASSENTO, ASSENTO_NUMER, ASSENTO_FILEIRA, ID_TIPO_ASSENTO, ID_SETOR)
VALUES (NEXT VALUE FOR SQ_ASSENTO, 21, 'H', 1, 3);

-----------------------CLIENTES
INSERT INTO TB_CLIENTE(ID_CLIENTE, CPF, ID_PESSOA, EMAIL)
VALUES(0,NULL,0,NULL);



-----------------------AGENTES
INSERT INTO TB_AGENTE (ID_AGENTE, ID_ENDERECO, TELEFONE, TIPO_PESSOA, DOCUMENTO, EMAIL, NOME_PRINCIPAL, NOME_SECUNDARIO, ATIVO, DATA_CRIACAO ) 
VALUES (NEXT VALUE FOR SQ_AGENTE, 1, 40028922, 'FÍSICA', '099.675.238-24', 'LUIZLSOUSA@GMAIL.COM', 'LUIZ LEANDRO', 'LUIZ', 1, GETDATE());

INSERT INTO TB_AGENTE (ID_AGENTE, ID_ENDERECO, TELEFONE, TIPO_PESSOA, DOCUMENTO, EMAIL, NOME_PRINCIPAL, NOME_SECUNDARIO, ATIVO, DATA_CRIACAO ) 
VALUES (NEXT VALUE FOR SQ_AGENTE, 1, 36918384, 'FÍSICA', '446.971.098-99', 'MARCELOS@GMAIL.COM', 'MARCELO SILVA', 'MARCELO', 1, GETDATE());


-----------------------ARTISTAS
INSERT INTO TB_PESSOA(ID_PESSOA, NOME, DATA_NASC, SEXO, ATIVO, ID_TIPO_PESSOA, DATA_CRIACAO) 
VALUES (NEXT VALUE FOR SQ_PESSOA, 'THIAGO VENTURA', '08/08/1994', 'MASCULINO', 1, 3, GETDATE());
INSERT INTO TB_ARTISTA_GERAL(ID_ARTISTA_GERAL, ID_REDESOCIAL, ID_PESSOA, URL_IMG)
VALUES(NEXT VALUE FOR SQ_ARTISTA_GERAL, 1, 1, 'C:\Users\Gabriel Leandro\Downloads');
INSERT INTO TB_ARTISTA (ID_AGENTE, ID_ARTISTA_GERAL)
VALUES (1, 1);

INSERT INTO TB_PESSOA(ID_PESSOA, NOME, DATA_NASC, SEXO, ATIVO, ID_TIPO_PESSOA, DATA_CRIACAO) 
VALUES (NEXT VALUE FOR SQ_PESSOA, 'MATHEUS CEARÁ', '18/08/1994', 'MASCULINO', 1, 3, GETDATE());
INSERT INTO TB_ARTISTA_GERAL(ID_ARTISTA_GERAL, ID_REDESOCIAL, ID_PESSOA, URL_IMG)
VALUES(NEXT VALUE FOR SQ_ARTISTA_GERAL, 2, 1, '../../img/ceara.jpg');
INSERT INTO TB_ARTISTA (ID_AGENTE, ID_ARTISTA_GERAL)
VALUES (1, 2);


-----------------------BANNER
INSERT INTO TB_BANNER(ID_BANNER, URL_IMG, INDEX_BANNER, ATIVO)
VALUES(NEXT VALUE FOR SQ_NOVIDADE, '../../img/ban1.jpg', 1, 1);

INSERT INTO TB_BANNER(ID_BANNER, URL_IMG, INDEX_BANNER, ATIVO)
VALUES(NEXT VALUE FOR SQ_NOVIDADE, '../../img/ban2.jpg', 2, 1);



-----------------------EVENTOS
INSERT INTO TB_EVENTO(ID_EVENTO, TITULO, DATA_EVENTO, DESCRICAO, HORARIO_INICIO, HORARIO_FINAL, DURACAO, N_ARTISTAS, TIPO_PAG, ATIVO, VALOR_EVENTO)
VALUES (NEXT VALUE FOR SQ_EVENTO, 'SHOW TESTE', '09/07/2018', 'SHOW A SER TESTADO', '18:00', '19:00', '2H', 2, 'BILHETERIA', 1, 80);

INSERT INTO TB_EVENTO(ID_EVENTO, TITULO, DATA_EVENTO, DESCRICAO, HORARIO_INICIO, HORARIO_FINAL, DURACAO, N_ARTISTAS, TIPO_PAG, ATIVO, VALOR_EVENTO)
VALUES (NEXT VALUE FOR SQ_EVENTO, 'SHOW SHOW', '09/07/2018', 'SHOW A SER TESTADO 2', '18:00', '19:00', '2H', 2, 'BILHETERIA', 1, 200);

INSERT INTO TB_EVENTO(ID_EVENTO, TITULO, DATA_EVENTO, DESCRICAO, HORARIO_INICIO, HORARIO_FINAL, DURACAO, N_ARTISTAS, TIPO_PAG, ATIVO, VALOR_EVENTO)
VALUES (NEXT VALUE FOR SQ_EVENTO, 'SHOW TESTE', '09/07/2018', 'SHOW A SER TESTADO', '19:00', '20:00', '1H', 2, 'CACHE', 1, 80);

INSERT INTO TB_EVENTO(ID_EVENTO, TITULO, DATA_EVENTO, DESCRICAO, HORARIO_INICIO, HORARIO_FINAL, DURACAO, N_ARTISTAS, TIPO_PAG, ATIVO, VALOR_EVENTO)
VALUES (NEXT VALUE FOR SQ_EVENTO, 'SHOW TESTE4', '09/07/2018', 'SHOW A SER TESTADO 4', '21:00', '23:00', '2H', 4, 'CACHE', 1, 80);

delete from TB_EVENTO_INGRESSO;
----------------------EVENTOS E ARTISTAS
INSERT INTO TB_EVENTO_ARTISTA VALUES (1, 1);


----------------------SELECTS
SELECT * FROM TB_TIPO_PESSOA;
SELECT * FROM TB_PESSOA;
SELECT * FROM TB_CEP;
SELECT * FROM TB_ENDERECO;
SELECT * FROM TB_AGENTE;
SELECT * FROM TB_REDESOCIAL;
SELECT * FROM TB_ARTISTA_GERAL;
SELECT * FROM TB_ARTISTA;
SELECT * FROM TB_ARTISTA_FIXO;
SELECT * FROM TB_FORMA_PAGAMENTO;
SELECT * FROM TB_DATA_CONTA;
SELECT * FROM TB_CONTAS;
SELECT * FROM TB_DETALHE_CONTA;
SELECT * FROM TB_VENDA_INGRESSO;
SELECT * FROM TB_DETALHE_CONTA_VENDA;
SELECT * FROM TB_CLIENTE;
SELECT * FROM TB_TIPO_ASSENTO;
SELECT * FROM TB_SETOR;
SELECT * FROM TB_ASSENTO;
SELECT * FROM TB_ASSENTO_CLI;
SELECT * FROM TB_EVENTO;
SELECT * FROM TB_EVENTO_INGRESSO;
SELECT * FROM TB_CANCELA_VENDA;
SELECT * FROM TB_ITEM_VENDA;
SELECT * FROM TB_PAGAMENTO;
SELECT * FROM TB_EVENTO_ARTISTA;
SELECT * FROM TB_PERGUNTASECRETA;
SELECT * FROM TB_NIVELACESSO;
SELECT * FROM TB_LOGIN;
SELECT * FROM TB_FUNCAO;
SELECT * FROM TB_FUNCIONARIO;
SELECT * FROM TB_PRECOS;
SELECT * FROM TB_BANNER;
SELECT * FROM TB_DESCONTOS;
SELECT * FROM TB_DESCONTOS_CLIENTE;
SELECT * FROM TB_TIPO_LOG;
SELECT * FROM TB_LOG;
SELECT * FROM TB_TABELAS_LOG;
SELECT * FROM TB_LOG_INSERCAO;
SELECT * FROM TB_LOG_EXCLUSAO;
SELECT * FROM TB_LOG_ALTERACAO;


SELECT P.[NOME], P.[DATA_NASC], P.[SEXO], A.[URL_IMG] FROM [TB_PESSOA] P 
inner join [tb_artista_geral] A on A.[ID_PESSOA] = P.[ID_PESSOA] where P.[ID_PESSOA] = 2;

SELECT P.[NOME], P.[DATA_NASC], P.[SEXO], A.[URL_IMG] FROM [TB_PESSOA] P 
inner join [tb_artista_geral] A on A.[ID_PESSOA] = P.[ID_PESSOA];

select P.id_setor, S.setor, P.id_tipo_assento, A.tipo_assento, P.perc from TB_PRECOS P
inner join TB_TIPO_ASSENTO A on A.ID_TIPO_ASSENTO = P.ID_TIPO_ASSENTO
inner join TB_SETOR S on S.ID_SETOR = P.ID_SETOR;

select S.setor, A.tipo_assento, P.perc from TB_PRECOS P
inner join TB_TIPO_ASSENTO A on A.ID_TIPO_ASSENTO = P.ID_TIPO_ASSENTO
inner join TB_SETOR S on S.ID_SETOR = P.ID_SETOR;

select S.[setor], A.[tipo_assento], P.[perc] from [TB_PRECOS] P
inner join [TB_TIPO_ASSENTO] A on A.[ID_TIPO_ASSENTO] = P.[ID_TIPO_ASSENTO]
inner join [TB_SETOR] S on S.[ID_SETOR] = P.[ID_SETOR];

select E.ID_EVENTO, EI.id_evento, E.valor_evento from tb_evento E
inner join TB_EVENTO_INGRESSO EI on E.ID_EVENTO = EI.ID_EVENTO;

SELECT P.[NOME], P.[DATA_NASC], P.[SEXO], A.[URL_IMG] FROM [TB_PESSOA] P 
inner join [tb_artista_geral] A on A.[ID_PESSOA] = P.[ID_PESSOA];

select P.[NOME], AG.[URL_IMG], RS.[FACEBOOK], RS.[TWITTER], RS.[INSTAGRAM] from [TB_PESSOA] P
inner join [tb_artista_geral] AG on P.[ID_PESSOA] = AG.[ID_PESSOA]
INNER JOIN [TB_REDESOCIAL] RS ON RS.[ID_REDESOCIAL] = AG.[ID_REDESOCIAL];

SELECT * FROM TB_EVENTO;
SELECT * FROM TB_PESSOA;
SELECT * FROM TB_EVENTO_ARTISTA;
SELECT * FROM TB_ARTISTA_GERAL;
SELECT * FROM TB_FUNCIONARIO;
DELETE FROM TB_PESSOA WHERE ID_PESSOA = 1;

--MOSTRAR EVENTO
SELECT P.[NOME], AG.[URL_IMG], E.[TITULO], E.[DATA_EVENTO], E.[HORARIO_INICIO], E.[DESCRICAO], E.[DURACAO], E.[VALOR_EVENTO] FROM [TB_EVENTO] E 
INNER JOIN [TB_EVENTO_ARTISTA] EA ON EA.[ID_EVENTO] = E.[ID_EVENTO]
INNER JOIN [TB_PESSOA] P ON P.[ID_PESSOA] = EA.[ID_PESSOA]
INNER JOIN [TB_ARTISTA_GERAL] AG ON AG.[ID_PESSOA] = P.[ID_PESSOA];


insert into TB_EVENTO(ID_EVENTO, TITULO, DATA_EVENTO, DESCRICAO, HORARIO_INICIO, HORARIO_FINAL, DURACAO, N_ARTISTAS, TIPO_PAG, ATIVO, VALOR_EVENTO)
values (next value for sq_evento, 'THIAGO VENTURA', '14/08/2018', 'MEGA EVENTO', '18:00', '19:00', '1H', 1, 'cache', 1, 75);

select P.[NOME], P.ID_PESSOA, AG.[URL_IMG], RS.[FACEBOOK], RS.[TWITTER], RS.[INSTAGRAM] from [TB_PESSOA] P
INNER JOIN [tb_artista_geral] AG on P.[ID_PESSOA] = AG.[ID_PESSOA]
INNER JOIN [TB_REDESOCIAL] RS ON RS.[ID_REDESOCIAL] = AG.[ID_REDESOCIAL];


select * from TB_LOGIN;
INSERT INTO TB_PESSOA(ID_PESSOA, NOME, DATA_NASC, SEXO, ATIVO, ID_TIPO_PESSOA, DATA_CRIACAO) 
VALUES (NEXT VALUE FOR SQ_PESSOA, 'ARTHUR', '01/04/2000', 'MASCULINO', 1, 2, GETDATE());
INSERT INTO TB_CLIENTE(ID_CLIENTE, CPF, ID_PESSOA, EMAIL)
VALUES(NEXT VALUE FOR SQ_CLIENTE, 44697109899, 54 ,NULL);

INSERT INTO TB_LOGIN(ID_LOGIN,ID_NIVELACESSO,ID_PERGUNTASECRETA,USUARIO,SENHA, DATAULTIMOACESSO, ID_PESSOA) 
VALUES(NEXT VALUE FOR SQ_LOGIN, 3, 1, 'ARTHUR', '123', GETDATE(), 54);


select P.[NOME], AG.[URL_IMG], RS.[FACEBOOK], RS.[TWITTER], RS.[INSTAGRAM] from [TB_PESSOA] P
                INNER JOIN [tb_artista_geral] AG on P.[ID_PESSOA] = AG.[ID_PESSOA]
                INNER JOIN [TB_REDESOCIAL] RS ON RS.[ID_REDESOCIAL] = AG.[ID_REDESOCIAL];

--ARTISTA DE FORA
select PES.[NOME], AG.[TELEFONE], GER.[URL_IMG], RS.[FACEBOOK], RS.[TWITTER], RS.[INSTAGRAM] from [TB_AGENTE] AG
	inner join [TB_ARTISTA] ART on AG.[ID_AGENTE] = ART.[ID_AGENTE]
	inner join [TB_ARTISTA_GERAL] GER on ART.[ID_ARTISTA_GERAL] = GER.[ID_ARTISTA_GERAL]
	inner join [TB_PESSOA] PES on PES.[ID_PESSOA] = GER.[ID_PESSOA]
	inner join [TB_REDESOCIAL] RS on RS.[ID_REDESOCIAL] = GER.[ID_REDESOCIAL];

--ARTISTA FIXO
select P.[NOME], F.[TELEFONE], GER.[URL_IMG], P.[DATA_NASC] from [TB_ARTISTA_FIXO] F
	inner join [TB_ARTISTA_GERAL] GER on F.[ID_ARTISTA_GERAL] = GER.[ID_ARTISTA_GERAL]
	inner join [TB_PESSOA] P on GER.[ID_PESSOA] = P.[ID_PESSOA];

insert into tb_pessoa values (next value for sq_pessoa, 'diego', '21/07/2001', 'masculino', 1, 4, GETDATE());
insert into TB_ARTISTA_GERAL values (next value for sq_artista_geral, 1, 104, '../../img/ceara.jpg');
insert into TB_ARTISTA_FIXO values (53, 1, 40028922, 44697109899, 'diego@gmail.com');

SELECT * FROM TB_EVENTO;
select * from TB_PESSOA;
select EV.TITULO, EV.DATA_EVENTO, EV.HORARIO_INICIO, EV.DURACAO, EV.VALOR_EVENTO from TB_EVENTO EV;

SELECT P.[NOME], AG.[URL_IMG], E.[TITULO], E.[DATA_EVENTO], E.[HORARIO_INICIO], E.[DESCRICAO], E.[DURACAO], E.[VALOR_EVENTO] 
				FROM [TB_EVENTO] E 
                INNER JOIN [TB_EVENTO_ARTISTA] EA ON EA.[ID_EVENTO] = E.[ID_EVENTO] 
                INNER JOIN [TB_PESSOA] P ON P.[ID_PESSOA] = EA.[ID_PESSOA] 
                INNER JOIN [TB_ARTISTA_GERAL] AG ON AG.[ID_PESSOA] = P.[ID_PESSOA];